customer_id,recency_days,frequency,monetary,R_score,F_score,M_score,RFM_Score,segment,Action,first_name,last_name,client_name
2001.0,91,2,203.92000000000002,4,1,1,6,At Risk,"Win-back kampaania, personaliseeritud e-mail",Eha,Aas,Eha Aas
2004.0,71,2,1198.56,4,2,4,10,Regular Customers,Cross-sell kampaaniad,Jaak,Talvik,Jaak Talvik
2005.0,148,4,959.5999999999999,3,4,4,11,Loyal Customers,"Lojaalsusprogramm, preemiad",Raivo,Koppel,Raivo Koppel
2006.0,477,1,327.06,1,1,1,3,Lost,Viimane taasaktiveerimise pakkumine,Aili,Must,Aili Must
2007.0,29,1,318.63,5,1,1,7,New Customers,"Onboarding, welcome-sari",Ragnar,Männik,Ragnar Männik
2008.0,76,5,1294.32,4,5,4,13,VIP Champions,"Early access, VIP sooduskoodid",Külli,Paas,Külli Paas
2009.0,224,2,472.36,2,2,2,6,At Risk,"Win-back kampaania, personaliseeritud e-mail",Madis,Mitt,Madis Mitt
2012.0,304,3,841.5,2,3,3,8,New Customers,"Onboarding, welcome-sari",Merle,Kukk,Merle Kukk
2013.0,145,2,364.20000000000005,3,2,2,7,New Customers,"Onboarding, welcome-sari",Elis,Oja,Elis Oja
2014.0,430,4,914.7,1,4,3,8,New Customers,"Onboarding, welcome-sari",Rain,Kivi,Rain Kivi
2015.0,13,2,345.24,5,2,2,9,Regular Customers,Cross-sell kampaaniad,Grete,Rosin,Grete Rosin
2016.0,588,1,664.26,1,1,3,5,At Risk,"Win-back kampaania, personaliseeritud e-mail",Marika,Lill,Marika Lill
2017.0,386,4,904.65,1,4,3,8,New Customers,"Onboarding, welcome-sari",Kadri,Vaher,Kadri Vaher
2018.0,222,3,1281.17,2,3,4,9,Regular Customers,Cross-sell kampaaniad,Marika,Nurk,Marika Nurk
2019.0,247,5,1653.15,2,5,5,12,Loyal Customers,"Lojaalsusprogramm, preemiad",Heino,Tammik,Heino Tammik
2020.0,97,3,923.9,4,3,3,10,Regular Customers,Cross-sell kampaaniad,Heli,Pärn,Heli Pärn
2022.0,194,4,673.53,3,4,3,10,Regular Customers,Cross-sell kampaaniad,Liina,Mägi,Liina Mägi
2023.0,398,1,583.71,1,1,2,4,Lost,Viimane taasaktiveerimise pakkumine,Reet,Kivi,Reet Kivi
2024.0,32,2,345.93,5,2,2,9,Regular Customers,Cross-sell kampaaniad,Rain,Lõhmus,Rain Lõhmus
2025.0,70,6,1804.79,4,5,5,14,VIP Champions,"Early access, VIP sooduskoodid",Väino,Lepik,Väino Lepik
2026.0,83,6,1755.08,4,5,5,14,VIP Champions,"Early access, VIP sooduskoodid",Kati,Mitt,Kati Mitt
2027.0,65,4,1357.05,4,4,4,12,Loyal Customers,"Lojaalsusprogramm, preemiad",Heli,Laas,Heli Laas
2028.0,107,3,496.83000000000004,4,3,2,9,Regular Customers,Cross-sell kampaaniad,Tiina,Saar,Tiina Saar
2029.0,708,2,1796.8400000000001,1,2,5,8,New Customers,"Onboarding, welcome-sari",Meelis,Lill,Meelis Lill
2030.0,160,2,2391.13,3,2,5,10,Regular Customers,Cross-sell kampaaniad,Rein,Lill,Rein Lill
2031.0,115,6,2052.0499999999997,4,5,5,14,VIP Champions,"Early access, VIP sooduskoodid",Ants,Kangur,Ants Kangur
2032.0,117,1,215.58,4,1,1,6,At Risk,"Win-back kampaania, personaliseeritud e-mail",Tiit,Toom,Tiit Toom
2033.0,140,3,950.18,3,3,4,10,Regular Customers,Cross-sell kampaaniad,Rein,Teder,Rein Teder
2034.0,104,5,1431.18,4,5,5,14,VIP Champions,"Early access, VIP sooduskoodid",Pille,Lepik,Pille Lepik
2035.0,241,3,1481.19,2,3,5,10,Regular Customers,Cross-sell kampaaniad,Mihkel,Pärn,Mihkel Pärn
2036.0,110,2,571.48,4,2,2,8,New Customers,"Onboarding, welcome-sari",Sigrid,Põld,Sigrid Põld
2037.0,60,3,893.3000000000001,5,3,3,11,Loyal Customers,"Lojaalsusprogramm, preemiad",Lea,Veski,Lea Veski
2038.0,293,1,1484.2,2,1,5,8,New Customers,"Onboarding, welcome-sari",Jüri,Kask,Jüri Kask
2040.0,134,3,453.53999999999996,3,3,2,8,New Customers,"Onboarding, welcome-sari",Liina,Lepp,Liina Lepp
2041.0,725,2,1275.25,1,2,4,7,New Customers,"Onboarding, welcome-sari",Riina,Roots,Riina Roots
2042.0,152,2,147.0,3,2,1,6,At Risk,"Win-back kampaania, personaliseeritud e-mail",Merike,Laas,Merike Laas
2044.0,107,3,419.37,4,3,2,9,Regular Customers,Cross-sell kampaaniad,Lauri,Aas,Lauri Aas
2046.0,98,7,1422.57,4,5,5,14,VIP Champions,"Early access, VIP sooduskoodid",Henri,Lepik,Henri Lepik
2047.0,312,1,196.91,2,1,1,4,Lost,Viimane taasaktiveerimise pakkumine,Ants,Lepp,Ants Lepp
2048.0,114,2,264.74,4,2,1,7,New Customers,"Onboarding, welcome-sari",Mart,Mets,Mart Mets
2049.0,117,4,1364.73,4,4,4,12,Loyal Customers,"Lojaalsusprogramm, preemiad",Raivo,Salu,Raivo Salu
2050.0,117,2,263.96,4,2,1,7,New Customers,"Onboarding, welcome-sari",Tiina,Toom,Tiina Toom
2051.0,47,3,956.89,5,3,4,12,Loyal Customers,"Lojaalsusprogramm, preemiad",Ene,Arro,Ene Arro
2052.0,143,3,1073.25,3,3,4,10,Regular Customers,Cross-sell kampaaniad,Annika,Järv,Annika Järv
2053.0,319,4,1198.6200000000001,2,4,4,10,Regular Customers,Cross-sell kampaaniad,Sigrid,Vaher,Sigrid Vaher
2054.0,277,4,913.91,2,4,3,9,Regular Customers,Cross-sell kampaaniad,Aili,Veski,Aili Veski
2055.0,92,2,494.63,4,2,2,8,New Customers,"Onboarding, welcome-sari",Rain,Salu,Rain Salu
2056.0,29,3,226.03,5,3,1,9,Regular Customers,Cross-sell kampaaniad,Hille,Kull,Hille Kull
2058.0,11,1,312.26,5,1,1,7,New Customers,"Onboarding, welcome-sari",Laura,Vaher,Laura Vaher
2059.0,81,4,1044.97,4,4,4,12,Loyal Customers,"Lojaalsusprogramm, preemiad",Tiina,Järv,Tiina Järv
2061.0,681,1,57.08,1,1,1,3,Lost,Viimane taasaktiveerimise pakkumine,Toomas,Rosin,Toomas Rosin
2062.0,71,2,387.70000000000005,4,2,2,8,New Customers,"Onboarding, welcome-sari",Triin,Lill,Triin Lill
2063.0,332,1,81.48,2,1,1,4,Lost,Viimane taasaktiveerimise pakkumine,Jüri,Roots,Jüri Roots
2064.0,192,4,900.95,3,4,3,10,Regular Customers,Cross-sell kampaaniad,Väino,Kuusik,Väino Kuusik
2065.0,220,1,45.21,2,1,1,4,Lost,Viimane taasaktiveerimise pakkumine,Priit,Tammik,Priit Tammik
2066.0,241,2,351.95000000000005,2,2,2,6,At Risk,"Win-back kampaania, personaliseeritud e-mail",Lauri,Paju,Lauri Paju
2067.0,115,3,709.47,4,3,3,10,Regular Customers,Cross-sell kampaaniad,Marko,Pärn,Marko Pärn
2068.0,256,3,659.96,2,3,3,8,New Customers,"Onboarding, welcome-sari",Ülle,Valk,Ülle Valk
2069.0,23,4,1310.02,5,4,4,13,VIP Champions,"Early access, VIP sooduskoodid",Erkki,Luik,Erkki Luik
2070.0,27,5,1741.54,5,5,5,15,VIP Champions,"Early access, VIP sooduskoodid",Pille,Rebane,Pille Rebane
2071.0,289,5,493.20000000000005,2,5,2,9,Regular Customers,Cross-sell kampaaniad,Tarmo,Põld,Tarmo Põld
2072.0,17,2,541.34,5,2,2,9,Regular Customers,Cross-sell kampaaniad,Heino,Tammik,Heino Tammik
2073.0,401,2,2233.7000000000003,1,2,5,8,New Customers,"Onboarding, welcome-sari",Madis,Roots,Madis Roots
2074.0,526,2,592.01,1,2,2,5,At Risk,"Win-back kampaania, personaliseeritud e-mail",Kalev,Raud,Kalev Raud
2075.0,69,3,581.54,4,3,2,9,Regular Customers,Cross-sell kampaaniad,Piret,Lõoke,Piret Lõoke
2076.0,401,1,351.62,1,1,2,4,Lost,Viimane taasaktiveerimise pakkumine,Terje,Nurk,Terje Nurk
2077.0,59,4,1632.05,5,4,5,14,VIP Champions,"Early access, VIP sooduskoodid",Siim,Must,Siim Must
2078.0,539,3,659.35,1,3,3,7,New Customers,"Onboarding, welcome-sari",Aili,Paas,Aili Paas
2079.0,160,2,187.20999999999998,3,2,1,6,At Risk,"Win-back kampaania, personaliseeritud e-mail",Tiit,Talvik,Tiit Talvik
2080.0,198,3,1063.2,3,3,4,10,Regular Customers,Cross-sell kampaaniad,Tiina,Kangur,Tiina Kangur
2081.0,334,3,792.99,2,3,3,8,New Customers,"Onboarding, welcome-sari",Kaido,Lass,Kaido Lass
2082.0,435,1,279.43,1,1,1,3,Lost,Viimane taasaktiveerimise pakkumine,Kristi,Rebane,Kristi Rebane
2083.0,1,2,605.69,5,2,2,9,Regular Customers,Cross-sell kampaaniad,Heino,Kuusk,Heino Kuusk
2084.0,169,2,527.21,3,2,2,7,New Customers,"Onboarding, welcome-sari",Grete,Must,Grete Must
2085.0,65,4,606.26,4,4,2,10,Regular Customers,Cross-sell kampaaniad,Henri,Lill,Henri Lill
2087.0,208,3,936.1800000000001,3,3,4,10,Regular Customers,Cross-sell kampaaniad,Taavi,Sepp,Taavi Sepp
2088.0,171,1,439.66,3,1,2,6,At Risk,"Win-back kampaania, personaliseeritud e-mail",Pille,Paas,Pille Paas
2090.0,189,3,935.06,3,3,4,10,Regular Customers,Cross-sell kampaaniad,Taavi,Koppel,Taavi Koppel
2091.0,206,2,1216.95,3,2,4,9,Regular Customers,Cross-sell kampaaniad,Rasmus,Mägi,Rasmus Mägi
2092.0,315,1,405.04,2,1,2,5,At Risk,"Win-back kampaania, personaliseeritud e-mail",Ene,Pihl,Ene Pihl
2093.0,432,4,1511.21,1,4,5,10,Regular Customers,Cross-sell kampaaniad,Merike,Luik,Merike Luik
2095.0,389,5,1055.76,1,5,4,10,Regular Customers,Cross-sell kampaaniad,Madis,Lill,Madis Lill
2096.0,286,4,1000.87,2,4,4,10,Regular Customers,Cross-sell kampaaniad,Reet,Laas,Reet Laas
2097.0,123,5,715.54,4,5,3,12,Loyal Customers,"Lojaalsusprogramm, preemiad",Kati,Aas,Kati Aas
2098.0,191,1,225.36,3,1,1,5,At Risk,"Win-back kampaania, personaliseeritud e-mail",Karin,Rebane,Karin Rebane
2099.0,106,5,1199.12,4,5,4,13,VIP Champions,"Early access, VIP sooduskoodid",Madis,Toom,Madis Toom
2100.0,322,1,80.39,2,1,1,4,Lost,Viimane taasaktiveerimise pakkumine,Rein,Arro,Rein Arro
2103.0,186,2,312.33000000000004,3,2,1,6,At Risk,"Win-back kampaania, personaliseeritud e-mail",Kadri,Kivi,Kadri Kivi
2104.0,182,4,1285.72,3,4,4,11,Loyal Customers,"Lojaalsusprogramm, preemiad",Sandra,Lass,Sandra Lass
2106.0,26,3,692.29,5,3,3,11,Loyal Customers,"Lojaalsusprogramm, preemiad",Arvo,Kull,Arvo Kull
2107.0,188,3,997.6400000000001,3,3,4,10,Regular Customers,Cross-sell kampaaniad,Heino,Rosin,Heino Rosin
2108.0,112,6,2169.41,4,5,5,14,VIP Champions,"Early access, VIP sooduskoodid",Väino,Nurk,Väino Nurk
2109.0,240,1,121.51,2,1,1,4,Lost,Viimane taasaktiveerimise pakkumine,Toomas,Männik,Toomas Männik
2110.0,413,4,405.04,1,4,2,7,New Customers,"Onboarding, welcome-sari",Kristi,Talvik,Kristi Talvik
2111.0,125,3,1918.08,4,3,5,12,Loyal Customers,"Lojaalsusprogramm, preemiad",Urmas,Rand,Urmas Rand
2112.0,136,3,820.4200000000001,3,3,3,9,Regular Customers,Cross-sell kampaaniad,Madis,Salu,Madis Salu
2113.0,285,1,159.03,2,1,1,4,Lost,Viimane taasaktiveerimise pakkumine,Lea,Kangur,Lea Kangur
2114.0,331,3,1037.37,2,3,4,9,Regular Customers,Cross-sell kampaaniad,Kristi,Lill,Kristi Lill
2115.0,13,5,1491.24,5,5,5,15,VIP Champions,"Early access, VIP sooduskoodid",Anu,Sild,Anu Sild
2117.0,160,4,2215.73,3,4,5,12,Loyal Customers,"Lojaalsusprogramm, preemiad",Merike,Koppel,Merike Koppel
2118.0,102,3,611.11,4,3,2,9,Regular Customers,Cross-sell kampaaniad,Rasmus,Sepp,Rasmus Sepp
2119.0,51,6,1243.09,5,5,4,14,VIP Champions,"Early access, VIP sooduskoodid",Meelis,Ilves,Meelis Ilves
2120.0,268,3,805.1300000000001,2,3,3,8,New Customers,"Onboarding, welcome-sari",Grete,Kukk,Grete Kukk
2121.0,237,2,302.84000000000003,2,2,1,5,At Risk,"Win-back kampaania, personaliseeritud e-mail",Katrin,Roots,Katrin Roots
2122.0,752,1,16.62,1,1,1,3,Lost,Viimane taasaktiveerimise pakkumine,Sander,Nõmm,Sander Nõmm
2123.0,3,3,983.6700000000001,5,3,4,12,Loyal Customers,"Lojaalsusprogramm, preemiad",Peeter,Veski,Peeter Veski
2124.0,234,2,363.28000000000003,2,2,2,6,At Risk,"Win-back kampaania, personaliseeritud e-mail",Mart,Rebane,Mart Rebane
2126.0,60,2,263.86,5,2,1,8,New Customers,"Onboarding, welcome-sari",Terje,Kangur,Terje Kangur
2127.0,381,1,334.46,1,1,2,4,Lost,Viimane taasaktiveerimise pakkumine,Karin,Männik,Karin Männik
2128.0,475,3,800.3199999999999,1,3,3,7,New Customers,"Onboarding, welcome-sari",Kristi,Kuusk,Kristi Kuusk
2129.0,444,2,197.7,1,2,1,4,Lost,Viimane taasaktiveerimise pakkumine,Anu,Oja,Anu Oja
2130.0,216,3,941.0699999999999,2,3,4,9,Regular Customers,Cross-sell kampaaniad,Marko,Kaalep,Marko Kaalep
2132.0,177,6,1806.17,3,5,5,13,VIP Champions,"Early access, VIP sooduskoodid",Sigrid,Paas,Sigrid Paas
2133.0,10,1,52.04,5,1,1,7,New Customers,"Onboarding, welcome-sari",Margus,Roots,Margus Roots
2136.0,522,2,1102.95,1,2,4,7,New Customers,"Onboarding, welcome-sari",Hille,Nõmm,Hille Nõmm
2137.0,232,3,674.3,2,3,3,8,New Customers,"Onboarding, welcome-sari",Margus,Kallas,Margus Kallas
2139.0,297,1,134.58,2,1,1,4,Lost,Viimane taasaktiveerimise pakkumine,Grete,Luik,Grete Luik
2140.0,106,1,451.62,4,1,2,7,New Customers,"Onboarding, welcome-sari",Henri,Salu,Henri Salu
2141.0,167,3,678.09,3,3,3,9,Regular Customers,Cross-sell kampaaniad,Aivar,Lepik,Aivar Lepik
2142.0,125,4,572.59,4,4,2,10,Regular Customers,Cross-sell kampaaniad,Henri,Mitt,Henri Mitt
2143.0,220,7,1863.9699999999998,2,5,5,12,Loyal Customers,"Lojaalsusprogramm, preemiad",Piret,Nõmm,Piret Nõmm
2144.0,72,1,210.76,4,1,1,6,At Risk,"Win-back kampaania, personaliseeritud e-mail",Priit,Orav,Priit Orav
2147.0,75,1,558.86,4,1,2,7,New Customers,"Onboarding, welcome-sari",Anna,Sepp,Anna Sepp
2148.0,107,1,411.78,4,1,2,7,New Customers,"Onboarding, welcome-sari",Madis,Lass,Madis Lass
2149.0,245,2,543.76,2,2,2,6,At Risk,"Win-back kampaania, personaliseeritud e-mail",Ago,Rand,Ago Rand
2150.0,11,1,229.55,5,1,1,7,New Customers,"Onboarding, welcome-sari",Külli,Talvik,Külli Talvik
2151.0,58,1,446.95,5,1,2,8,New Customers,"Onboarding, welcome-sari",Tõnu,Valk,Tõnu Valk
2153.0,299,2,397.71,2,2,2,6,At Risk,"Win-back kampaania, personaliseeritud e-mail",Maie,Roots,Maie Roots
2154.0,10,64,20031.03,5,5,5,15,VIP Champions,"Early access, VIP sooduskoodid",Annika,Saar,Annika Saar
2156.0,75,5,1149.93,4,5,4,13,VIP Champions,"Early access, VIP sooduskoodid",Rasmus,Rosin,Rasmus Rosin
2157.0,23,2,1131.46,5,2,4,11,Loyal Customers,"Lojaalsusprogramm, preemiad",Raivo,Salu,Raivo Salu
2158.0,145,2,1207.22,3,2,4,9,Regular Customers,Cross-sell kampaaniad,Rein,Kull,Rein Kull
2159.0,376,2,1070.58,1,2,4,7,New Customers,"Onboarding, welcome-sari",Rein,Luik,Rein Luik
2160.0,392,2,598.4300000000001,1,2,2,5,At Risk,"Win-back kampaania, personaliseeritud e-mail",Rein,Sild,Rein Sild
2162.0,165,2,451.82,3,2,2,7,New Customers,"Onboarding, welcome-sari",Ants,Kangur,Ants Kangur
2163.0,8,5,2542.08,5,5,5,15,VIP Champions,"Early access, VIP sooduskoodid",Kadri,Kull,Kadri Kull
2165.0,129,2,610.4499999999999,3,2,2,7,New Customers,"Onboarding, welcome-sari",Rain,Luik,Rain Luik
2166.0,98,1,232.61,4,1,1,6,At Risk,"Win-back kampaania, personaliseeritud e-mail",Indrek,Järv,Indrek Järv
2167.0,141,5,2032.9099999999999,3,5,5,13,VIP Champions,"Early access, VIP sooduskoodid",Ants,Kaalep,Ants Kaalep
2168.0,669,3,881.22,1,3,3,7,New Customers,"Onboarding, welcome-sari",Priit,Luik,Priit Luik
2169.0,200,1,53.01,3,1,1,5,At Risk,"Win-back kampaania, personaliseeritud e-mail",Henri,Kangur,Henri Kangur
2170.0,23,1,327.28,5,1,1,7,New Customers,"Onboarding, welcome-sari",Lea,Aas,Lea Aas
2172.0,401,2,746.53,1,2,3,6,At Risk,"Win-back kampaania, personaliseeritud e-mail",Eha,Kivi,Eha Kivi
2174.0,215,3,2285.2200000000003,2,3,5,10,Regular Customers,Cross-sell kampaaniad,Piret,Kask,Piret Kask
2175.0,123,6,1342.4,4,5,4,13,VIP Champions,"Early access, VIP sooduskoodid",Olev,Kull,Olev Kull
2176.0,165,3,777.0,3,3,3,9,Regular Customers,Cross-sell kampaaniad,Sandra,Pihl,Sandra Pihl
2177.0,460,1,141.05,1,1,1,3,Lost,Viimane taasaktiveerimise pakkumine,Reet,Liiv,Reet Liiv
2178.0,61,4,1435.76,5,4,5,14,VIP Champions,"Early access, VIP sooduskoodid",Karin,Oja,Karin Oja
2179.0,142,4,1374.26,3,4,4,11,Loyal Customers,"Lojaalsusprogramm, preemiad",Piret,Must,Piret Must
2180.0,688,2,1451.98,1,2,5,8,New Customers,"Onboarding, welcome-sari",Sirje,Kangur,Sirje Kangur
2182.0,68,1,26.79,4,1,1,6,At Risk,"Win-back kampaania, personaliseeritud e-mail",Jaak,Kallas,Jaak Kallas
2183.0,260,7,2139.4700000000003,2,5,5,12,Loyal Customers,"Lojaalsusprogramm, preemiad",Kevin,Puusepp,Kevin Puusepp
2184.0,464,2,553.85,1,2,2,5,At Risk,"Win-back kampaania, personaliseeritud e-mail",Ragnar,Kõiv,Ragnar Kõiv
2186.0,341,2,240.06,1,2,1,4,Lost,Viimane taasaktiveerimise pakkumine,Triin,Tamm,Triin Tamm
2187.0,81,5,1175.46,4,5,4,13,VIP Champions,"Early access, VIP sooduskoodid",Aili,Paas,Aili Paas
2189.0,572,1,110.7,1,1,1,3,Lost,Viimane taasaktiveerimise pakkumine,Toomas,Koppel,Toomas Koppel
2190.0,38,2,942.11,5,2,4,11,Loyal Customers,"Lojaalsusprogramm, preemiad",Väino,Mitt,Väino Mitt
2191.0,197,4,924.33,3,4,3,10,Regular Customers,Cross-sell kampaaniad,Mihkel,Pihl,Mihkel Pihl
2192.0,67,7,2575.33,4,5,5,14,VIP Champions,"Early access, VIP sooduskoodid",Marit,Talvik,Marit Talvik
2193.0,85,3,1066.29,4,3,4,11,Loyal Customers,"Lojaalsusprogramm, preemiad",Urmas,Toom,Urmas Toom
2195.0,13,3,523.79,5,3,2,10,Regular Customers,Cross-sell kampaaniad,Kersti,Mets,Kersti Mets
2196.0,2,8,3455.0899999999997,5,5,5,15,VIP Champions,"Early access, VIP sooduskoodid",Marika,Must,Marika Must
2197.0,76,4,2231.4,4,4,5,13,VIP Champions,"Early access, VIP sooduskoodid",Sandra,Nõmm,Sandra Nõmm
2198.0,37,1,458.02,5,1,2,8,New Customers,"Onboarding, welcome-sari",Ülle,Põld,Ülle Põld
2199.0,94,1,347.16,4,1,2,7,New Customers,"Onboarding, welcome-sari",Riina,Luik,Riina Luik
2200.0,222,5,1998.45,2,5,5,12,Loyal Customers,"Lojaalsusprogramm, preemiad",Urmas,Laas,Urmas Laas
2201.0,257,2,172.52,2,2,1,5,At Risk,"Win-back kampaania, personaliseeritud e-mail",Kevin,Pihl,Kevin Pihl
2202.0,237,3,1708.3400000000001,2,3,5,10,Regular Customers,Cross-sell kampaaniad,Indrek,Org,Indrek Org
2203.0,157,3,925.97,3,3,3,9,Regular Customers,Cross-sell kampaaniad,Ago,Kukk,Ago Kukk
2204.0,4,1,166.27,5,1,1,7,New Customers,"Onboarding, welcome-sari",Ene,Org,Ene Org
2205.0,336,3,1127.92,1,3,4,8,New Customers,"Onboarding, welcome-sari",Liina,Kivi,Liina Kivi
2206.0,201,5,628.34,3,5,3,11,Loyal Customers,"Lojaalsusprogramm, preemiad",Ago,Lõoke,Ago Lõoke
2207.0,45,3,939.4599999999999,5,3,4,12,Loyal Customers,"Lojaalsusprogramm, preemiad",Kalev,Mägi,Kalev Mägi
2208.0,107,6,2265.19,4,5,5,14,VIP Champions,"Early access, VIP sooduskoodid",Rasmus,Rand,Rasmus Rand
2209.0,201,3,995.6400000000001,3,3,4,10,Regular Customers,Cross-sell kampaaniad,Kersti,Ilves,Kersti Ilves
2210.0,92,2,723.3299999999999,4,2,3,9,Regular Customers,Cross-sell kampaaniad,Ülle,Kaalep,Ülle Kaalep
2211.0,292,3,760.31,2,3,3,8,New Customers,"Onboarding, welcome-sari",Kevin,Pihl,Kevin Pihl
2212.0,570,3,918.91,1,3,3,7,New Customers,"Onboarding, welcome-sari",Henri,Roots,Henri Roots
2213.0,164,3,1046.18,3,3,4,10,Regular Customers,Cross-sell kampaaniad,Pille,Veski,Pille Veski
2214.0,705,1,574.44,1,1,2,4,Lost,Viimane taasaktiveerimise pakkumine,Maris,Lepp,Maris Lepp
2215.0,32,6,1537.23,5,5,5,15,VIP Champions,"Early access, VIP sooduskoodid",Karin,Kaalep,Karin Kaalep
2216.0,349,2,341.6,1,2,2,5,At Risk,"Win-back kampaania, personaliseeritud e-mail",Mihkel,Org,Mihkel Org
2217.0,205,4,1045.67,3,4,4,11,Loyal Customers,"Lojaalsusprogramm, preemiad",Aivar,Paas,Aivar Paas
2218.0,68,4,1374.1,4,4,4,12,Loyal Customers,"Lojaalsusprogramm, preemiad",Riina,Lepp,Riina Lepp
2219.0,143,1,181.11,3,1,1,5,At Risk,"Win-back kampaania, personaliseeritud e-mail",Arvo,Tammik,Arvo Tammik
2220.0,91,3,722.73,4,3,3,10,Regular Customers,Cross-sell kampaaniad,Reet,Lepp,Reet Lepp
2221.0,5,64,21313.81,5,5,5,15,VIP Champions,"Early access, VIP sooduskoodid",Riina,Lill,Riina Lill
2222.0,78,6,1309.96,4,5,4,13,VIP Champions,"Early access, VIP sooduskoodid",Marko,Nõmm,Marko Nõmm
2223.0,584,3,784.34,1,3,3,7,New Customers,"Onboarding, welcome-sari",Meelis,Kivi,Meelis Kivi
2225.0,27,5,1044.45,5,5,4,14,VIP Champions,"Early access, VIP sooduskoodid",Meelis,Tamm,Meelis Tamm
2226.0,181,4,702.0,3,4,3,10,Regular Customers,Cross-sell kampaaniad,Olev,Arro,Olev Arro
2227.0,99,4,1040.72,4,4,4,12,Loyal Customers,"Lojaalsusprogramm, preemiad",Mihkel,Rosin,Mihkel Rosin
2228.0,116,4,737.26,4,4,3,11,Loyal Customers,"Lojaalsusprogramm, preemiad",Mart,Lõhmus,Mart Lõhmus
2229.0,44,1,592.8,5,1,2,8,New Customers,"Onboarding, welcome-sari",Liis,Liiv,Liis Liiv
2230.0,495,4,814.97,1,4,3,8,New Customers,"Onboarding, welcome-sari",Jüri,Veski,Jüri Veski
2231.0,157,3,1071.04,3,3,4,10,Regular Customers,Cross-sell kampaaniad,Enn,Raid,Enn Raid
2233.0,86,1,989.97,4,1,4,9,Regular Customers,Cross-sell kampaaniad,Andres,Laas,Andres Laas
2235.0,81,4,988.37,4,4,4,12,Loyal Customers,"Lojaalsusprogramm, preemiad",Kristi,Nõmm,Kristi Nõmm
2236.0,191,2,235.49,3,2,1,6,At Risk,"Win-back kampaania, personaliseeritud e-mail",Rasmus,Veski,Rasmus Veski
2238.0,60,2,447.65999999999997,5,2,2,9,Regular Customers,Cross-sell kampaaniad,Tõnu,Kull,Tõnu Kull
2239.0,101,1,184.07,4,1,1,6,At Risk,"Win-back kampaania, personaliseeritud e-mail",Sander,Ilves,Sander Ilves
2240.0,22,6,1603.35,5,5,5,15,VIP Champions,"Early access, VIP sooduskoodid",Urmas,Lass,Urmas Lass
2241.0,258,3,612.84,2,3,3,8,New Customers,"Onboarding, welcome-sari",Lea,Mets,Lea Mets
2242.0,24,5,1695.49,5,5,5,15,VIP Champions,"Early access, VIP sooduskoodid",Ene,Kull,Ene Kull
2243.0,236,3,1078.13,2,3,4,9,Regular Customers,Cross-sell kampaaniad,Anna,Veski,Anna Veski
2244.0,30,3,631.3900000000001,5,3,3,11,Loyal Customers,"Lojaalsusprogramm, preemiad",Aivar,Ilves,Aivar Ilves
2245.0,102,4,1660.2800000000002,4,4,5,13,VIP Champions,"Early access, VIP sooduskoodid",Kevin,Liiv,Kevin Liiv
2246.0,38,2,126.08000000000001,5,2,1,8,New Customers,"Onboarding, welcome-sari",Kadri,Nurk,Kadri Nurk
2247.0,191,3,1006.4100000000001,3,3,4,10,Regular Customers,Cross-sell kampaaniad,Külli,Pihl,Külli Pihl
2248.0,559,3,1829.2,1,3,5,9,Regular Customers,Cross-sell kampaaniad,Kristiina,Lill,Kristiina Lill
2249.0,73,2,582.76,4,2,2,8,New Customers,"Onboarding, welcome-sari",Ago,Koppel,Ago Koppel
2250.0,331,2,269.53999999999996,2,2,1,5,At Risk,"Win-back kampaania, personaliseeritud e-mail",Heino,Kivi,Heino Kivi
2251.0,219,3,718.16,2,3,3,8,New Customers,"Onboarding, welcome-sari",Rein,Orav,Rein Orav
2252.0,60,4,1381.27,5,4,4,13,VIP Champions,"Early access, VIP sooduskoodid",Reet,Laas,Reet Laas
2253.0,453,1,307.24,1,1,1,3,Lost,Viimane taasaktiveerimise pakkumine,Kati,Luik,Kati Luik
2254.0,498,1,848.85,1,1,3,5,At Risk,"Win-back kampaania, personaliseeritud e-mail",Kristjan,Roots,Kristjan Roots
2255.0,92,3,577.66,4,3,2,9,Regular Customers,Cross-sell kampaaniad,Nele,Rebane,Nele Rebane
2256.0,169,5,2433.85,3,5,5,13,VIP Champions,"Early access, VIP sooduskoodid",Urmas,Põld,Urmas Põld
2257.0,90,7,2165.37,4,5,5,14,VIP Champions,"Early access, VIP sooduskoodid",Katrin,Järv,Katrin Järv
2258.0,116,1,15.09,4,1,1,6,At Risk,"Win-back kampaania, personaliseeritud e-mail",Enn,Saar,Enn Saar
2259.0,292,3,646.35,2,3,3,8,New Customers,"Onboarding, welcome-sari",Margus,Laas,Margus Laas
2260.0,111,2,317.53000000000003,4,2,1,7,New Customers,"Onboarding, welcome-sari",Karin,Org,Karin Org
2261.0,39,3,887.48,5,3,3,11,Loyal Customers,"Lojaalsusprogramm, preemiad",Kristjan,Rand,Kristjan Rand
2262.0,745,1,304.14,1,1,1,3,Lost,Viimane taasaktiveerimise pakkumine,Mart,Lõoke,Mart Lõoke
2264.0,63,5,528.28,4,5,2,11,Loyal Customers,"Lojaalsusprogramm, preemiad",Katrin,Laas,Katrin Laas
2265.0,387,4,1683.88,1,4,5,10,Regular Customers,Cross-sell kampaaniad,Sander,Mägi,Sander Mägi
2266.0,220,2,371.47,2,2,2,6,At Risk,"Win-back kampaania, personaliseeritud e-mail",Toomas,Kivi,Toomas Kivi
2267.0,184,2,900.58,3,2,3,8,New Customers,"Onboarding, welcome-sari",Terje,Tamm,Terje Tamm
2269.0,23,2,381.59999999999997,5,2,2,9,Regular Customers,Cross-sell kampaaniad,Merle,Mets,Merle Mets
2270.0,79,7,2488.45,4,5,5,14,VIP Champions,"Early access, VIP sooduskoodid",Hille,Sepp,Hille Sepp
2271.0,8,1,231.13,5,1,1,7,New Customers,"Onboarding, welcome-sari",Liis,Põld,Liis Põld
2272.0,21,7,1574.51,5,5,5,15,VIP Champions,"Early access, VIP sooduskoodid",Taavi,Pihl,Taavi Pihl
2273.0,589,1,541.98,1,1,2,4,Lost,Viimane taasaktiveerimise pakkumine,Kaido,Liiv,Kaido Liiv
2274.0,142,3,417.47,3,3,2,8,New Customers,"Onboarding, welcome-sari",Grete,Mets,Grete Mets
2275.0,65,3,858.98,4,3,3,10,Regular Customers,Cross-sell kampaaniad,Sirje,Järv,Sirje Järv
2276.0,346,2,693.0,1,2,3,6,At Risk,"Win-back kampaania, personaliseeritud e-mail",Kalev,Kukk,Kalev Kukk
2277.0,320,3,1016.62,2,3,4,9,Regular Customers,Cross-sell kampaaniad,Meelis,Lepp,Meelis Lepp
2279.0,9,5,2683.8599999999997,5,5,5,15,VIP Champions,"Early access, VIP sooduskoodid",Ants,Puusepp,Ants Puusepp
2281.0,94,5,1148.76,4,5,4,13,VIP Champions,"Early access, VIP sooduskoodid",Maris,Kuusik,Maris Kuusik
2282.0,78,3,732.34,4,3,3,10,Regular Customers,Cross-sell kampaaniad,Margus,Pärn,Margus Pärn
2284.0,635,1,210.36,1,1,1,3,Lost,Viimane taasaktiveerimise pakkumine,Liis,Järv,Liis Järv
2285.0,44,5,2925.69,5,5,5,15,VIP Champions,"Early access, VIP sooduskoodid",Maie,Pärn,Maie Pärn
2286.0,67,1,727.29,4,1,3,8,New Customers,"Onboarding, welcome-sari",Jüri,Salu,Jüri Salu
2287.0,254,3,177.58,2,3,1,6,At Risk,"Win-back kampaania, personaliseeritud e-mail",Aili,Mägi,Aili Mägi
2288.0,44,2,2015.75,5,2,5,12,Loyal Customers,"Lojaalsusprogramm, preemiad",Tiit,Arro,Tiit Arro
2289.0,223,2,562.2,2,2,2,6,At Risk,"Win-back kampaania, personaliseeritud e-mail",Maie,Arro,Maie Arro
2290.0,52,4,536.4,5,4,2,11,Loyal Customers,"Lojaalsusprogramm, preemiad",Arvo,Paas,Arvo Paas
2291.0,317,2,986.24,2,2,4,8,New Customers,"Onboarding, welcome-sari",Liis,Kukk,Liis Kukk
2292.0,94,1,86.14,4,1,1,6,At Risk,"Win-back kampaania, personaliseeritud e-mail",Marko,Aas,Marko Aas
2293.0,262,1,417.66,2,1,2,5,At Risk,"Win-back kampaania, personaliseeritud e-mail",Siim,Vaher,Siim Vaher
2294.0,145,3,1158.1299999999999,3,3,4,10,Regular Customers,Cross-sell kampaaniad,Merle,Luik,Merle Luik
2295.0,227,3,889.21,2,3,3,8,New Customers,"Onboarding, welcome-sari",Tõnu,Nurk,Tõnu Nurk
2296.0,26,3,1432.91,5,3,5,13,VIP Champions,"Early access, VIP sooduskoodid",Rain,Pihl,Rain Pihl
2297.0,79,3,556.09,4,3,2,9,Regular Customers,Cross-sell kampaaniad,Ene,Lill,Ene Lill
2298.0,91,4,636.19,4,4,3,11,Loyal Customers,"Lojaalsusprogramm, preemiad",Heino,Lõhmus,Heino Lõhmus
2299.0,339,5,2115.43,1,5,5,11,Loyal Customers,"Lojaalsusprogramm, preemiad",Indrek,Kuusk,Indrek Kuusk
2300.0,106,3,689.77,4,3,3,10,Regular Customers,Cross-sell kampaaniad,Piret,Raud,Piret Raud
2301.0,36,3,657.58,5,3,3,11,Loyal Customers,"Lojaalsusprogramm, preemiad",Siim,Nõmm,Siim Nõmm
2302.0,72,4,1664.8999999999999,4,4,5,13,VIP Champions,"Early access, VIP sooduskoodid",Urmas,Tammik,Urmas Tammik
2303.0,87,3,1795.17,4,3,5,12,Loyal Customers,"Lojaalsusprogramm, preemiad",Annika,Saar,Annika Saar
2304.0,86,4,1160.54,4,4,4,12,Loyal Customers,"Lojaalsusprogramm, preemiad",Tiit,Rosin,Tiit Rosin
2305.0,453,2,724.08,1,2,3,6,At Risk,"Win-back kampaania, personaliseeritud e-mail",Mart,Nõmm,Mart Nõmm
2306.0,400,2,574.12,1,2,2,5,At Risk,"Win-back kampaania, personaliseeritud e-mail",Heino,Luik,Heino Luik
2307.0,182,2,616.51,3,2,3,8,New Customers,"Onboarding, welcome-sari",Väino,Kukk,Väino Kukk
2308.0,470,1,269.85,1,1,1,3,Lost,Viimane taasaktiveerimise pakkumine,Ants,Teder,Ants Teder
2309.0,563,1,67.75,1,1,1,3,Lost,Viimane taasaktiveerimise pakkumine,Elis,Saar,Elis Saar
2310.0,498,1,153.11,1,1,1,3,Lost,Viimane taasaktiveerimise pakkumine,Tiina,Hurt,Tiina Hurt
2311.0,407,3,741.72,1,3,3,7,New Customers,"Onboarding, welcome-sari",Mihkel,Saar,Mihkel Saar
2312.0,202,4,997.5799999999999,3,4,4,11,Loyal Customers,"Lojaalsusprogramm, preemiad",Marko,Kallas,Marko Kallas
2313.0,37,1,1129.05,5,1,4,10,Regular Customers,Cross-sell kampaaniad,Mart,Kõiv,Mart Kõiv
2315.0,65,2,229.17000000000002,4,2,1,7,New Customers,"Onboarding, welcome-sari",Anna,Männik,Anna Männik
2317.0,341,5,2142.56,1,5,5,11,Loyal Customers,"Lojaalsusprogramm, preemiad",Pille,Raud,Pille Raud
2318.0,28,11,3148.8,5,5,5,15,VIP Champions,"Early access, VIP sooduskoodid",Anu,Teder,Anu Teder
2319.0,281,1,201.14,2,1,1,4,Lost,Viimane taasaktiveerimise pakkumine,Kristiina,Lass,Kristiina Lass
2323.0,5,1,385.32,5,1,2,8,New Customers,"Onboarding, welcome-sari",Arvo,Kaalep,Arvo Kaalep
2324.0,166,3,949.1399999999999,3,3,4,10,Regular Customers,Cross-sell kampaaniad,Marko,Ilves,Marko Ilves
2326.0,70,3,951.23,4,3,4,11,Loyal Customers,"Lojaalsusprogramm, preemiad",Tarmo,Luik,Tarmo Luik
2327.0,287,4,2282.28,2,4,5,11,Loyal Customers,"Lojaalsusprogramm, preemiad",Arvo,Arro,Arvo Arro
2328.0,26,2,420.52,5,2,2,9,Regular Customers,Cross-sell kampaaniad,Anu,Kuusk,Anu Kuusk
2329.0,1,1,198.29,5,1,1,7,New Customers,"Onboarding, welcome-sari",Indrek,Puusepp,Indrek Puusepp
2330.0,143,4,721.87,3,4,3,10,Regular Customers,Cross-sell kampaaniad,Nele,Pihl,Nele Pihl
2331.0,9,6,1215.71,5,5,4,14,VIP Champions,"Early access, VIP sooduskoodid",Katrin,Kivi,Katrin Kivi
2332.0,63,3,1278.22,4,3,4,11,Loyal Customers,"Lojaalsusprogramm, preemiad",Marika,Toom,Marika Toom
2333.0,20,2,1732.25,5,2,5,12,Loyal Customers,"Lojaalsusprogramm, preemiad",Kristiina,Lill,Kristiina Lill
2334.0,7,1,318.5,5,1,1,7,New Customers,"Onboarding, welcome-sari",Liina,Must,Liina Must
2335.0,82,5,1602.8700000000001,4,5,5,14,VIP Champions,"Early access, VIP sooduskoodid",Kersti,Laas,Kersti Laas
2336.0,109,2,861.12,4,2,3,9,Regular Customers,Cross-sell kampaaniad,Lea,Orav,Lea Orav
2337.0,141,4,1458.5500000000002,3,4,5,12,Loyal Customers,"Lojaalsusprogramm, preemiad",Enn,Põld,Enn Põld
2338.0,480,2,368.82,1,2,2,5,At Risk,"Win-back kampaania, personaliseeritud e-mail",Kevin,Pärn,Kevin Pärn
2339.0,512,2,661.17,1,2,3,6,At Risk,"Win-back kampaania, personaliseeritud e-mail",Margus,Lass,Margus Lass
2341.0,153,1,94.76,3,1,1,5,At Risk,"Win-back kampaania, personaliseeritud e-mail",Jüri,Männik,Jüri Männik
2342.0,250,3,880.46,2,3,3,8,New Customers,"Onboarding, welcome-sari",Andres,Saar,Andres Saar
2343.0,67,5,1655.5300000000002,4,5,5,14,VIP Champions,"Early access, VIP sooduskoodid",Tarmo,Nõmm,Tarmo Nõmm
2344.0,564,3,620.4300000000001,1,3,3,7,New Customers,"Onboarding, welcome-sari",Liis,Lõoke,Liis Lõoke
2346.0,115,4,754.0,4,4,3,11,Loyal Customers,"Lojaalsusprogramm, preemiad",Külli,Kuusik,Külli Kuusik
2347.0,114,4,610.02,4,4,2,10,Regular Customers,Cross-sell kampaaniad,Lea,Aas,Lea Aas
2348.0,9,3,1432.38,5,3,5,13,VIP Champions,"Early access, VIP sooduskoodid",Marika,Puusepp,Marika Puusepp
2349.0,10,5,1932.51,5,5,5,15,VIP Champions,"Early access, VIP sooduskoodid",Ene,Rebane,Ene Rebane
2350.0,172,2,426.13,3,2,2,7,New Customers,"Onboarding, welcome-sari",Madis,Sild,Madis Sild
2351.0,3,4,1632.3,5,4,5,14,VIP Champions,"Early access, VIP sooduskoodid",Lauri,Nõmm,Lauri Nõmm
2353.0,248,4,697.72,2,4,3,9,Regular Customers,Cross-sell kampaaniad,Elis,Põld,Elis Põld
2354.0,93,1,328.86,4,1,1,6,At Risk,"Win-back kampaania, personaliseeritud e-mail",Rain,Männik,Rain Männik
2355.0,265,4,1556.09,2,4,5,11,Loyal Customers,"Lojaalsusprogramm, preemiad",Indrek,Mets,Indrek Mets
2356.0,333,2,1273.31,2,2,4,8,New Customers,"Onboarding, welcome-sari",Meelis,Kaalep,Meelis Kaalep
2357.0,338,2,330.24,1,2,1,4,Lost,Viimane taasaktiveerimise pakkumine,Rein,Valk,Rein Valk
2358.0,144,1,154.71,3,1,1,5,At Risk,"Win-back kampaania, personaliseeritud e-mail",Elis,Liiv,Elis Liiv
2359.0,228,3,776.53,2,3,3,8,New Customers,"Onboarding, welcome-sari",Rein,Rand,Rein Rand
2360.0,221,3,720.85,2,3,3,8,New Customers,"Onboarding, welcome-sari",Katrin,Luik,Katrin Luik
2362.0,198,2,478.46999999999997,3,2,2,7,New Customers,"Onboarding, welcome-sari",Laura,Paas,Laura Paas
2363.0,43,5,1857.31,5,5,5,15,VIP Champions,"Early access, VIP sooduskoodid",Tõnu,Tamm,Tõnu Tamm
2365.0,691,2,503.21,1,2,2,5,At Risk,"Win-back kampaania, personaliseeritud e-mail",Väino,Mägi,Väino Mägi
2366.0,19,4,422.29999999999995,5,4,2,11,Loyal Customers,"Lojaalsusprogramm, preemiad",Liis,Kuusik,Liis Kuusik
2367.0,548,1,520.86,1,1,2,4,Lost,Viimane taasaktiveerimise pakkumine,Ülle,Tamm,Ülle Tamm
2368.0,213,3,1070.57,2,3,4,9,Regular Customers,Cross-sell kampaaniad,Ene,Kivi,Ene Kivi
2369.0,147,3,756.3,3,3,3,9,Regular Customers,Cross-sell kampaaniad,Katrin,Kull,Katrin Kull
2370.0,313,3,742.4100000000001,2,3,3,8,New Customers,"Onboarding, welcome-sari",Jaak,Nurk,Jaak Nurk
2371.0,29,4,1542.46,5,4,5,14,VIP Champions,"Early access, VIP sooduskoodid",Ülle,Teder,Ülle Teder
2372.0,766,1,421.52,1,1,2,4,Lost,Viimane taasaktiveerimise pakkumine,Marko,Roots,Marko Roots
2373.0,211,4,904.22,2,4,3,9,Regular Customers,Cross-sell kampaaniad,Mart,Mägi,Mart Mägi
2374.0,24,2,249.3,5,2,1,8,New Customers,"Onboarding, welcome-sari",Maris,Lepp,Maris Lepp
2375.0,191,3,883.77,3,3,3,9,Regular Customers,Cross-sell kampaaniad,Väino,Pärn,Väino Pärn
2377.0,558,3,568.51,1,3,2,6,At Risk,"Win-back kampaania, personaliseeritud e-mail",Anu,Kivi,Anu Kivi
2378.0,24,2,397.3,5,2,2,9,Regular Customers,Cross-sell kampaaniad,Mart,Paju,Mart Paju
2379.0,240,3,1171.6399999999999,2,3,4,9,Regular Customers,Cross-sell kampaaniad,Marika,Rosin,Marika Rosin
2380.0,90,6,1516.83,4,5,5,14,VIP Champions,"Early access, VIP sooduskoodid",Marit,Kivi,Marit Kivi
2381.0,230,3,1391.22,2,3,5,10,Regular Customers,Cross-sell kampaaniad,Väino,Lõoke,Väino Lõoke
2382.0,75,3,740.83,4,3,3,10,Regular Customers,Cross-sell kampaaniad,Lauri,Roots,Lauri Roots
2383.0,3,1,310.9,5,1,1,7,New Customers,"Onboarding, welcome-sari",Erkki,Arro,Erkki Arro
2386.0,320,3,515.5899999999999,2,3,2,7,New Customers,"Onboarding, welcome-sari",Mihkel,Tamm,Mihkel Tamm
2387.0,74,3,1422.89,4,3,5,12,Loyal Customers,"Lojaalsusprogramm, preemiad",Sandra,Lill,Sandra Lill
2388.0,223,1,356.57,2,1,2,5,At Risk,"Win-back kampaania, personaliseeritud e-mail",Rein,Rand,Rein Rand
2389.0,130,2,361.25,3,2,2,7,New Customers,"Onboarding, welcome-sari",Kevin,Kaalep,Kevin Kaalep
2390.0,93,5,1336.33,4,5,4,13,VIP Champions,"Early access, VIP sooduskoodid",Triin,Lill,Triin Lill
2392.0,368,2,475.53999999999996,1,2,2,5,At Risk,"Win-back kampaania, personaliseeritud e-mail",Kristiina,Talvik,Kristiina Talvik
2393.0,182,1,437.68,3,1,2,6,At Risk,"Win-back kampaania, personaliseeritud e-mail",Mihkel,Saar,Mihkel Saar
2394.0,8,4,1319.6699999999998,5,4,4,13,VIP Champions,"Early access, VIP sooduskoodid",Marika,Koppel,Marika Koppel
2395.0,661,1,72.6,1,1,1,3,Lost,Viimane taasaktiveerimise pakkumine,Ülle,Nõmm,Ülle Nõmm
2396.0,23,6,1899.01,5,5,5,15,VIP Champions,"Early access, VIP sooduskoodid",Heino,Aas,Heino Aas
2397.0,231,4,2847.6800000000003,2,4,5,11,Loyal Customers,"Lojaalsusprogramm, preemiad",Kalev,Puusepp,Kalev Puusepp
2398.0,172,1,459.76,3,1,2,6,At Risk,"Win-back kampaania, personaliseeritud e-mail",Kadri,Värk,Kadri Värk
2399.0,347,1,209.05,1,1,1,3,Lost,Viimane taasaktiveerimise pakkumine,Sander,Kallas,Sander Kallas
2400.0,722,2,1034.9099999999999,1,2,4,7,New Customers,"Onboarding, welcome-sari",Kati,Lõoke,Kati Lõoke
2401.0,66,2,731.37,4,2,3,9,Regular Customers,Cross-sell kampaaniad,Ants,Saar,Ants Saar
2402.0,343,3,1121.33,1,3,4,8,New Customers,"Onboarding, welcome-sari",Merike,Järv,Merike Järv
2403.0,82,3,1021.44,4,3,4,11,Loyal Customers,"Lojaalsusprogramm, preemiad",Rasmus,Lill,Rasmus Lill
2404.0,59,4,912.02,5,4,3,12,Loyal Customers,"Lojaalsusprogramm, preemiad",Piret,Orav,Piret Orav
2405.0,532,2,264.36,1,2,1,4,Lost,Viimane taasaktiveerimise pakkumine,Laura,Rebane,Laura Rebane
2406.0,126,1,482.26,3,1,2,6,At Risk,"Win-back kampaania, personaliseeritud e-mail",Sigrid,Kõiv,Sigrid Kõiv
2407.0,155,3,834.55,3,3,3,9,Regular Customers,Cross-sell kampaaniad,Taavi,Koppel,Taavi Koppel
2409.0,55,4,810.53,5,4,3,12,Loyal Customers,"Lojaalsusprogramm, preemiad",Rein,Saar,Rein Saar
2410.0,14,2,248.3,5,2,1,8,New Customers,"Onboarding, welcome-sari",Margus,Kukk,Margus Kukk
2411.0,91,1,221.19,4,1,1,6,At Risk,"Win-back kampaania, personaliseeritud e-mail",Piret,Oja,Piret Oja
2412.0,241,1,50.85,2,1,1,4,Lost,Viimane taasaktiveerimise pakkumine,Marko,Liiv,Marko Liiv
2413.0,126,3,338.6,3,3,2,8,New Customers,"Onboarding, welcome-sari",Tõnu,Kaalep,Tõnu Kaalep
2414.0,23,2,405.96,5,2,2,9,Regular Customers,Cross-sell kampaaniad,Riina,Veski,Riina Veski
2415.0,11,1,251.96,5,1,1,7,New Customers,"Onboarding, welcome-sari",Kadri,Sild,Kadri Sild
2416.0,368,2,382.4,1,2,2,5,At Risk,"Win-back kampaania, personaliseeritud e-mail",Sander,Rosin,Sander Rosin
2417.0,158,3,626.9399999999999,3,3,3,9,Regular Customers,Cross-sell kampaaniad,Kristjan,Lepp,Kristjan Lepp
2418.0,217,3,795.5400000000001,2,3,3,8,New Customers,"Onboarding, welcome-sari",Marit,Toom,Marit Toom
2419.0,366,2,177.6,1,2,1,4,Lost,Viimane taasaktiveerimise pakkumine,Merle,Lass,Merle Lass
2420.0,143,4,1671.24,3,4,5,12,Loyal Customers,"Lojaalsusprogramm, preemiad",Ene,Kangur,Ene Kangur
2422.0,297,5,759.27,2,5,3,10,Regular Customers,Cross-sell kampaaniad,Arvo,Paas,Arvo Paas
2423.0,208,7,1475.29,3,5,5,13,VIP Champions,"Early access, VIP sooduskoodid",Kristjan,Sild,Kristjan Sild
2424.0,151,3,900.62,3,3,3,9,Regular Customers,Cross-sell kampaaniad,Anna,Arro,Anna Arro
2425.0,160,4,1834.12,3,4,5,12,Loyal Customers,"Lojaalsusprogramm, preemiad",Sirje,Ilves,Sirje Ilves
2427.0,296,3,940.88,2,3,4,9,Regular Customers,Cross-sell kampaaniad,Katrin,Lill,Katrin Lill
2428.0,84,1,405.14,4,1,2,7,New Customers,"Onboarding, welcome-sari",Grete,Arro,Grete Arro
2429.0,101,4,850.8299999999999,4,4,3,11,Loyal Customers,"Lojaalsusprogramm, preemiad",Hille,Pihl,Hille Pihl
2430.0,190,2,590.73,3,2,2,7,New Customers,"Onboarding, welcome-sari",Kalev,Lill,Kalev Lill
2431.0,199,3,845.0799999999999,3,3,3,9,Regular Customers,Cross-sell kampaaniad,Jüri,Mets,Jüri Mets
2432.0,35,3,797.23,5,3,3,11,Loyal Customers,"Lojaalsusprogramm, preemiad",Marko,Arro,Marko Arro
2433.0,339,2,261.84000000000003,1,2,1,4,Lost,Viimane taasaktiveerimise pakkumine,Tarmo,Tammik,Tarmo Tammik
2434.0,20,4,849.14,5,4,3,12,Loyal Customers,"Lojaalsusprogramm, preemiad",Enn,Orav,Enn Orav
2435.0,76,5,755.3499999999999,4,5,3,12,Loyal Customers,"Lojaalsusprogramm, preemiad",Riina,Rosin,Riina Rosin
2436.0,193,3,1025.57,3,3,4,10,Regular Customers,Cross-sell kampaaniad,Grete,Kukk,Grete Kukk
2439.0,6,4,540.62,5,4,2,11,Loyal Customers,"Lojaalsusprogramm, preemiad",Margus,Mitt,Margus Mitt
2440.0,483,3,645.47,1,3,3,7,New Customers,"Onboarding, welcome-sari",Lea,Must,Lea Must
2441.0,339,3,1634.1200000000001,1,3,5,9,Regular Customers,Cross-sell kampaaniad,Kristjan,Paas,Kristjan Paas
2442.0,41,2,1423.93,5,2,5,12,Loyal Customers,"Lojaalsusprogramm, preemiad",Külli,Pihl,Külli Pihl
2443.0,131,3,1437.3000000000002,3,3,5,11,Loyal Customers,"Lojaalsusprogramm, preemiad",Laura,Sild,Laura Sild
2445.0,87,1,307.27,4,1,1,6,At Risk,"Win-back kampaania, personaliseeritud e-mail",Erkki,Pihl,Erkki Pihl
2446.0,585,1,54.95,1,1,1,3,Lost,Viimane taasaktiveerimise pakkumine,Tarmo,Oja,Tarmo Oja
2448.0,552,1,542.7,1,1,2,4,Lost,Viimane taasaktiveerimise pakkumine,Urmas,Nõmm,Urmas Nõmm
2449.0,355,2,725.58,1,2,3,6,At Risk,"Win-back kampaania, personaliseeritud e-mail",Triin,Rand,Triin Rand
2450.0,173,2,1057.95,3,2,4,9,Regular Customers,Cross-sell kampaaniad,Andres,Rebane,Andres Rebane
2451.0,14,2,1317.1799999999998,5,2,4,11,Loyal Customers,"Lojaalsusprogramm, preemiad",Lea,Oja,Lea Oja
2454.0,243,2,385.65,2,2,2,6,At Risk,"Win-back kampaania, personaliseeritud e-mail",Margus,Kallas,Margus Kallas
2456.0,49,5,2096.27,5,5,5,15,VIP Champions,"Early access, VIP sooduskoodid",Liis,Must,Liis Must
2457.0,239,6,1147.49,2,5,4,11,Loyal Customers,"Lojaalsusprogramm, preemiad",Merle,Toom,Merle Toom
2458.0,167,3,464.15999999999997,3,3,2,8,New Customers,"Onboarding, welcome-sari",Priit,Valk,Priit Valk
2459.0,55,1,53.24,5,1,1,7,New Customers,"Onboarding, welcome-sari",Lea,Kukk,Lea Kukk
2460.0,61,3,530.46,5,3,2,10,Regular Customers,Cross-sell kampaaniad,Liina,Kukk,Liina Kukk
2461.0,311,3,1217.47,2,3,4,9,Regular Customers,Cross-sell kampaaniad,Kristiina,Liiv,Kristiina Liiv
2462.0,501,3,642.23,1,3,3,7,New Customers,"Onboarding, welcome-sari",Maris,Kask,Maris Kask
2463.0,205,5,1580.6100000000001,3,5,5,13,VIP Champions,"Early access, VIP sooduskoodid",Sigrid,Hurt,Sigrid Hurt
2464.0,59,3,626.3,5,3,3,11,Loyal Customers,"Lojaalsusprogramm, preemiad",Madis,Sepp,Madis Sepp
2466.0,329,1,104.08,2,1,1,4,Lost,Viimane taasaktiveerimise pakkumine,Ants,Hurt,Ants Hurt
2468.0,160,1,53.01,3,1,1,5,At Risk,"Win-back kampaania, personaliseeritud e-mail",Tiit,Pihl,Tiit Pihl
2469.0,183,5,1388.64,3,5,4,12,Loyal Customers,"Lojaalsusprogramm, preemiad",Anu,Kukk,Anu Kukk
2471.0,150,2,806.5,3,2,3,8,New Customers,"Onboarding, welcome-sari",Laura,Kallas,Laura Kallas
2472.0,67,3,650.55,4,3,3,10,Regular Customers,Cross-sell kampaaniad,Heino,Pihl,Heino Pihl
2474.0,114,2,263.46,4,2,1,7,New Customers,"Onboarding, welcome-sari",Ants,Talvik,Ants Talvik
2475.0,237,4,1341.42,2,4,4,10,Regular Customers,Cross-sell kampaaniad,Siim,Järv,Siim Järv
2476.0,475,1,62.56,1,1,1,3,Lost,Viimane taasaktiveerimise pakkumine,Lea,Rand,Lea Rand
2477.0,199,1,654.14,3,1,3,7,New Customers,"Onboarding, welcome-sari",Ülle,Org,Ülle Org
2479.0,184,4,489.48,3,4,2,9,Regular Customers,Cross-sell kampaaniad,Laura,Ilves,Laura Ilves
2481.0,218,4,1256.58,2,4,4,10,Regular Customers,Cross-sell kampaaniad,Annika,Mets,Annika Mets
2482.0,155,1,403.74,3,1,2,6,At Risk,"Win-back kampaania, personaliseeritud e-mail",Rein,Järv,Rein Järv
2483.0,184,2,553.04,3,2,2,7,New Customers,"Onboarding, welcome-sari",Kadri,Mitt,Kadri Mitt
2484.0,128,4,1662.94,3,4,5,12,Loyal Customers,"Lojaalsusprogramm, preemiad",Kersti,Liiv,Kersti Liiv
2485.0,74,5,955.93,4,5,4,13,VIP Champions,"Early access, VIP sooduskoodid",Erkki,Roots,Erkki Roots
2486.0,8,6,1594.74,5,5,5,15,VIP Champions,"Early access, VIP sooduskoodid",Sirje,Kukk,Sirje Kukk
2487.0,15,5,1205.61,5,5,4,14,VIP Champions,"Early access, VIP sooduskoodid",Rein,Must,Rein Must
2488.0,185,1,723.39,3,1,3,7,New Customers,"Onboarding, welcome-sari",Rasmus,Teder,Rasmus Teder
2489.0,219,2,222.07,2,2,1,5,At Risk,"Win-back kampaania, personaliseeritud e-mail",Liis,Salu,Liis Salu
2490.0,146,3,1880.98,3,3,5,11,Loyal Customers,"Lojaalsusprogramm, preemiad",Arvo,Pärn,Arvo Pärn
2491.0,130,3,511.55,3,3,2,8,New Customers,"Onboarding, welcome-sari",Elis,Toom,Elis Toom
2492.0,151,2,632.6700000000001,3,2,3,8,New Customers,"Onboarding, welcome-sari",Reet,Männik,Reet Männik
2493.0,387,2,720.3,1,2,3,6,At Risk,"Win-back kampaania, personaliseeritud e-mail",Kaido,Hurt,Kaido Hurt
2494.0,132,5,1107.18,3,5,4,12,Loyal Customers,"Lojaalsusprogramm, preemiad",Ragnar,Talvik,Ragnar Talvik
2495.0,6,25,5684.81,5,5,5,15,VIP Champions,"Early access, VIP sooduskoodid",Urmas,Kask,Urmas Kask
2496.0,528,1,269.85,1,1,1,3,Lost,Viimane taasaktiveerimise pakkumine,Ene,Veski,Ene Veski
2497.0,238,1,124.35,2,1,1,4,Lost,Viimane taasaktiveerimise pakkumine,Kevin,Tamm,Kevin Tamm
2498.0,319,3,1587.8999999999999,2,3,5,10,Regular Customers,Cross-sell kampaaniad,Tõnu,Roots,Tõnu Roots
2500.0,199,5,2226.05,3,5,5,13,VIP Champions,"Early access, VIP sooduskoodid",Merle,Lepp,Merle Lepp
2501.0,14,1,581.1,5,1,2,8,New Customers,"Onboarding, welcome-sari",Siim,Lõoke,Siim Lõoke
2503.0,486,3,1533.4,1,3,5,9,Regular Customers,Cross-sell kampaaniad,Aivar,Pihl,Aivar Pihl
2504.0,440,5,796.61,1,5,3,9,Regular Customers,Cross-sell kampaaniad,Madis,Lass,Madis Lass
2505.0,63,1,29.48,4,1,1,6,At Risk,"Win-back kampaania, personaliseeritud e-mail",Reet,Rosin,Reet Rosin
2506.0,163,1,134.58,3,1,1,5,At Risk,"Win-back kampaania, personaliseeritud e-mail",Margus,Toom,Margus Toom
2509.0,67,3,1179.84,4,3,4,11,Loyal Customers,"Lojaalsusprogramm, preemiad",Marit,Koppel,Marit Koppel
2510.0,192,4,308.45,3,4,1,8,New Customers,"Onboarding, welcome-sari",Anna,Kõiv,Anna Kõiv
2511.0,157,4,801.99,3,4,3,10,Regular Customers,Cross-sell kampaaniad,Merike,Sild,Merike Sild
2513.0,64,6,1513.26,4,5,5,14,VIP Champions,"Early access, VIP sooduskoodid",Henri,Arro,Henri Arro
2514.0,9,3,1122.08,5,3,4,12,Loyal Customers,"Lojaalsusprogramm, preemiad",Jüri,Nõmm,Jüri Nõmm
2515.0,68,3,899.3299999999999,4,3,3,10,Regular Customers,Cross-sell kampaaniad,Anu,Tamm,Anu Tamm
2516.0,207,1,254.76,3,1,1,5,At Risk,"Win-back kampaania, personaliseeritud e-mail",Henri,Kuusik,Henri Kuusik
2517.0,37,2,164.07,5,2,1,8,New Customers,"Onboarding, welcome-sari",Jüri,Lepik,Jüri Lepik
2518.0,621,3,297.8,1,3,1,5,At Risk,"Win-back kampaania, personaliseeritud e-mail",Olev,Lill,Olev Lill
2519.0,102,3,1161.3899999999999,4,3,4,11,Loyal Customers,"Lojaalsusprogramm, preemiad",Toomas,Kull,Toomas Kull
2520.0,457,1,81.48,1,1,1,3,Lost,Viimane taasaktiveerimise pakkumine,Merle,Koppel,Merle Koppel
2521.0,55,2,316.69,5,2,1,8,New Customers,"Onboarding, welcome-sari",Kristi,Kull,Kristi Kull
2522.0,31,3,1264.56,5,3,4,12,Loyal Customers,"Lojaalsusprogramm, preemiad",Hille,Saar,Hille Saar
2523.0,87,1,234.1,4,1,1,6,At Risk,"Win-back kampaania, personaliseeritud e-mail",Katrin,Rebane,Katrin Rebane
2524.0,267,4,868.85,2,4,3,9,Regular Customers,Cross-sell kampaaniad,Sigrid,Järv,Sigrid Järv
2526.0,223,2,857.97,2,2,3,7,New Customers,"Onboarding, welcome-sari",Rein,Valk,Rein Valk
2528.0,317,1,136.3,2,1,1,4,Lost,Viimane taasaktiveerimise pakkumine,Kalev,Pärn,Kalev Pärn
2529.0,161,3,996.3699999999999,3,3,4,10,Regular Customers,Cross-sell kampaaniad,Kaido,Roots,Kaido Roots
2530.0,124,5,1473.03,4,5,5,14,VIP Champions,"Early access, VIP sooduskoodid",Pille,Must,Pille Must
2533.0,408,4,923.7900000000001,1,4,3,8,New Customers,"Onboarding, welcome-sari",Aili,Orav,Aili Orav
2534.0,265,4,850.0,2,4,3,9,Regular Customers,Cross-sell kampaaniad,Sander,Sild,Sander Sild
2535.0,95,5,741.12,4,5,3,12,Loyal Customers,"Lojaalsusprogramm, preemiad",Eha,Hurt,Eha Hurt
2536.0,89,3,911.66,4,3,3,10,Regular Customers,Cross-sell kampaaniad,Aivar,Lõoke,Aivar Lõoke
2537.0,246,2,683.55,2,2,3,7,New Customers,"Onboarding, welcome-sari",Grete,Oja,Grete Oja
2538.0,8,4,1888.48,5,4,5,14,VIP Champions,"Early access, VIP sooduskoodid",Heli,Kangur,Heli Kangur
2539.0,76,3,1034.97,4,3,4,11,Loyal Customers,"Lojaalsusprogramm, preemiad",Arvo,Pihl,Arvo Pihl
2540.0,430,1,347.84,1,1,2,4,Lost,Viimane taasaktiveerimise pakkumine,Triin,Must,Triin Must
2542.0,189,3,1523.18,3,3,5,11,Loyal Customers,"Lojaalsusprogramm, preemiad",Riina,Paju,Riina Paju
2543.0,438,2,458.26000000000005,1,2,2,5,At Risk,"Win-back kampaania, personaliseeritud e-mail",Tõnu,Nõmm,Tõnu Nõmm
2544.0,9,2,635.51,5,2,3,10,Regular Customers,Cross-sell kampaaniad,Kersti,Mets,Kersti Mets
2545.0,35,2,670.14,5,2,3,10,Regular Customers,Cross-sell kampaaniad,Triin,Talvik,Triin Talvik
2546.0,584,4,1717.25,1,4,5,10,Regular Customers,Cross-sell kampaaniad,Sander,Põld,Sander Põld
2547.0,780,1,53.99,1,1,1,3,Lost,Viimane taasaktiveerimise pakkumine,Väino,Kuusik,Väino Kuusik
2548.0,299,4,722.23,2,4,3,9,Regular Customers,Cross-sell kampaaniad,Kalev,Must,Kalev Must
2549.0,121,6,1295.54,4,5,4,13,VIP Champions,"Early access, VIP sooduskoodid",Tarmo,Kukk,Tarmo Kukk
2551.0,65,3,906.21,4,3,3,10,Regular Customers,Cross-sell kampaaniad,Ülle,Pihl,Ülle Pihl
2552.0,267,4,1359.9499999999998,2,4,4,10,Regular Customers,Cross-sell kampaaniad,Tarmo,Nõmm,Tarmo Nõmm
2553.0,211,2,1323.46,2,2,4,8,New Customers,"Onboarding, welcome-sari",Maris,Org,Maris Org
2554.0,265,3,683.99,2,3,3,8,New Customers,"Onboarding, welcome-sari",Kristiina,Puusepp,Kristiina Puusepp
2555.0,231,4,1801.08,2,4,5,11,Loyal Customers,"Lojaalsusprogramm, preemiad",Olev,Lõoke,Olev Lõoke
2556.0,109,4,861.49,4,4,3,11,Loyal Customers,"Lojaalsusprogramm, preemiad",Nele,Aas,Nele Aas
2557.0,195,2,273.21999999999997,3,2,1,6,At Risk,"Win-back kampaania, personaliseeritud e-mail",Siim,Arro,Siim Arro
2558.0,175,10,2634.61,3,5,5,13,VIP Champions,"Early access, VIP sooduskoodid",Hille,Mets,Hille Mets
2559.0,118,3,465.48,4,3,2,9,Regular Customers,Cross-sell kampaaniad,Marit,Ilves,Marit Ilves
2561.0,104,5,794.34,4,5,3,12,Loyal Customers,"Lojaalsusprogramm, preemiad",Annika,Roots,Annika Roots
2563.0,76,4,772.9200000000001,4,4,3,11,Loyal Customers,"Lojaalsusprogramm, preemiad",Kevin,Lill,Kevin Lill
2564.0,32,6,994.52,5,5,4,14,VIP Champions,"Early access, VIP sooduskoodid",Peeter,Nurk,Peeter Nurk
2565.0,30,1,35.94,5,1,1,7,New Customers,"Onboarding, welcome-sari",Aivar,Puusepp,Aivar Puusepp
2566.0,70,3,337.40999999999997,4,3,2,9,Regular Customers,Cross-sell kampaaniad,Pille,Rosin,Pille Rosin
2567.0,132,3,1072.28,3,3,4,10,Regular Customers,Cross-sell kampaaniad,Mart,Lepp,Mart Lepp
2569.0,245,1,331.59,2,1,2,5,At Risk,"Win-back kampaania, personaliseeritud e-mail",Külli,Põld,Külli Põld
2570.0,88,2,625.5,4,2,3,9,Regular Customers,Cross-sell kampaaniad,Maie,Veski,Maie Veski
2572.0,56,3,1262.35,5,3,4,12,Loyal Customers,"Lojaalsusprogramm, preemiad",Tarmo,Lepp,Tarmo Lepp
2574.0,414,3,1315.6399999999999,1,3,4,8,New Customers,"Onboarding, welcome-sari",Aivar,Nurk,Aivar Nurk
2575.0,164,2,996.84,3,2,4,9,Regular Customers,Cross-sell kampaaniad,Mihkel,Lõhmus,Mihkel Lõhmus
2576.0,199,1,301.97,3,1,1,5,At Risk,"Win-back kampaania, personaliseeritud e-mail",Meelis,Org,Meelis Org
2577.0,67,5,1307.73,4,5,4,13,VIP Champions,"Early access, VIP sooduskoodid",Heino,Laas,Heino Laas
2578.0,304,3,1054.88,2,3,4,9,Regular Customers,Cross-sell kampaaniad,Ene,Vaher,Ene Vaher
2579.0,191,3,1197.24,3,3,4,10,Regular Customers,Cross-sell kampaaniad,Taavi,Pihl,Taavi Pihl
2580.0,67,4,706.78,4,4,3,11,Loyal Customers,"Lojaalsusprogramm, preemiad",Laura,Mitt,Laura Mitt
2581.0,166,2,504.93,3,2,2,7,New Customers,"Onboarding, welcome-sari",Merike,Must,Merike Must
2583.0,120,1,562.38,4,1,2,7,New Customers,"Onboarding, welcome-sari",Madis,Rosin,Madis Rosin
2585.0,557,2,288.94,1,2,1,4,Lost,Viimane taasaktiveerimise pakkumine,Sirje,Must,Sirje Must
2586.0,77,2,283.45000000000005,4,2,1,7,New Customers,"Onboarding, welcome-sari",Jüri,Mitt,Jüri Mitt
2588.0,144,3,871.94,3,3,3,9,Regular Customers,Cross-sell kampaaniad,Hille,Paju,Hille Paju
2589.0,149,2,803.56,3,2,3,8,New Customers,"Onboarding, welcome-sari",Annika,Vaher,Annika Vaher
2590.0,219,1,564.58,2,1,2,5,At Risk,"Win-back kampaania, personaliseeritud e-mail",Arvo,Ilves,Arvo Ilves
2591.0,196,2,385.15999999999997,3,2,2,7,New Customers,"Onboarding, welcome-sari",Tõnu,Kaalep,Tõnu Kaalep
2592.0,92,3,998.67,4,3,4,11,Loyal Customers,"Lojaalsusprogramm, preemiad",Anu,Liiv,Anu Liiv
2593.0,247,2,1220.1799999999998,2,2,4,8,New Customers,"Onboarding, welcome-sari",Kati,Kask,Kati Kask
2594.0,335,1,184.15,1,1,1,3,Lost,Viimane taasaktiveerimise pakkumine,Annika,Männik,Annika Männik
2596.0,489,3,690.89,1,3,3,7,New Customers,"Onboarding, welcome-sari",Eha,Lepik,Eha Lepik
2597.0,10,5,774.86,5,5,3,13,VIP Champions,"Early access, VIP sooduskoodid",Erkki,Pihl,Erkki Pihl
2598.0,170,3,853.62,3,3,3,9,Regular Customers,Cross-sell kampaaniad,Aili,Nõmm,Aili Nõmm
2599.0,738,1,583.44,1,1,2,4,Lost,Viimane taasaktiveerimise pakkumine,Enn,Kuusk,Enn Kuusk
2600.0,304,1,221.89,2,1,1,4,Lost,Viimane taasaktiveerimise pakkumine,Triin,Puusepp,Triin Puusepp
2601.0,445,1,282.95,1,1,1,3,Lost,Viimane taasaktiveerimise pakkumine,Henri,Rosin,Henri Rosin
2602.0,353,1,351.33,1,1,2,4,Lost,Viimane taasaktiveerimise pakkumine,Tõnu,Tammik,Tõnu Tammik
2603.0,41,4,1133.42,5,4,4,13,VIP Champions,"Early access, VIP sooduskoodid",Ants,Talvik,Ants Talvik
2608.0,583,2,920.6899999999999,1,2,3,6,At Risk,"Win-back kampaania, personaliseeritud e-mail",Siim,Lass,Siim Lass
2609.0,178,6,829.64,3,5,3,11,Loyal Customers,"Lojaalsusprogramm, preemiad",Taavi,Pihl,Taavi Pihl
2610.0,594,2,470.85,1,2,2,5,At Risk,"Win-back kampaania, personaliseeritud e-mail",Tarmo,Mets,Tarmo Mets
2611.0,15,4,1048.93,5,4,4,13,VIP Champions,"Early access, VIP sooduskoodid",Mihkel,Sepp,Mihkel Sepp
2612.0,51,4,390.59000000000003,5,4,2,11,Loyal Customers,"Lojaalsusprogramm, preemiad",Marko,Rand,Marko Rand
2613.0,485,4,1198.8000000000002,1,4,4,9,Regular Customers,Cross-sell kampaaniad,Külli,Rand,Külli Rand
2614.0,531,2,332.77000000000004,1,2,2,5,At Risk,"Win-back kampaania, personaliseeritud e-mail",Aili,Lass,Aili Lass
2615.0,160,2,744.8,3,2,3,8,New Customers,"Onboarding, welcome-sari",Maie,Tammik,Maie Tammik
2616.0,231,3,1493.9600000000003,2,3,5,10,Regular Customers,Cross-sell kampaaniad,Anu,Kuusik,Anu Kuusik
2617.0,77,3,1460.9,4,3,5,12,Loyal Customers,"Lojaalsusprogramm, preemiad",Rasmus,Valk,Rasmus Valk
2618.0,170,6,1351.18,3,5,4,12,Loyal Customers,"Lojaalsusprogramm, preemiad",Jaak,Liiv,Jaak Liiv
2619.0,69,6,2185.9,4,5,5,14,VIP Champions,"Early access, VIP sooduskoodid",Andres,Mägi,Andres Mägi
2620.0,177,4,1303.41,3,4,4,11,Loyal Customers,"Lojaalsusprogramm, preemiad",Tõnu,Valk,Tõnu Valk
2622.0,347,4,937.55,1,4,4,9,Regular Customers,Cross-sell kampaaniad,Annika,Kuusk,Annika Kuusk
2623.0,509,1,253.8,1,1,1,3,Lost,Viimane taasaktiveerimise pakkumine,Rasmus,Kask,Rasmus Kask
2624.0,157,1,155.2,3,1,1,5,At Risk,"Win-back kampaania, personaliseeritud e-mail",Pille,Põld,Pille Põld
2625.0,545,1,67.75,1,1,1,3,Lost,Viimane taasaktiveerimise pakkumine,Henri,Oja,Henri Oja
2626.0,282,2,797.3800000000001,2,2,3,7,New Customers,"Onboarding, welcome-sari",Margus,Kõiv,Margus Kõiv
2627.0,186,6,1345.75,3,5,4,12,Loyal Customers,"Lojaalsusprogramm, preemiad",Peeter,Salu,Peeter Salu
2628.0,554,1,143.42,1,1,1,3,Lost,Viimane taasaktiveerimise pakkumine,Piret,Nõmm,Piret Nõmm
2629.0,202,6,3990.98,3,5,5,13,VIP Champions,"Early access, VIP sooduskoodid",Sandra,Paas,Sandra Paas
2630.0,282,2,406.52000000000004,2,2,2,6,At Risk,"Win-back kampaania, personaliseeritud e-mail",Merle,Valk,Merle Valk
2631.0,189,5,1446.21,3,5,5,13,VIP Champions,"Early access, VIP sooduskoodid",Tõnu,Kivi,Tõnu Kivi
2632.0,91,6,1805.58,4,5,5,14,VIP Champions,"Early access, VIP sooduskoodid",Tiina,Mägi,Tiina Mägi
2633.0,62,1,123.64,4,1,1,6,At Risk,"Win-back kampaania, personaliseeritud e-mail",Triin,Liiv,Triin Liiv
2634.0,201,2,625.5,3,2,3,8,New Customers,"Onboarding, welcome-sari",Meelis,Org,Meelis Org
2635.0,107,3,792.44,4,3,3,10,Regular Customers,Cross-sell kampaaniad,Hille,Tamm,Hille Tamm
2636.0,298,5,1675.4499999999998,2,5,5,12,Loyal Customers,"Lojaalsusprogramm, preemiad",Lauri,Sepp,Lauri Sepp
2638.0,69,6,740.53,4,5,3,12,Loyal Customers,"Lojaalsusprogramm, preemiad",Kristjan,Raid,Kristjan Raid
2639.0,30,4,1062.87,5,4,4,13,VIP Champions,"Early access, VIP sooduskoodid",Rain,Lepp,Rain Lepp
2640.0,320,2,368.75,2,2,2,6,At Risk,"Win-back kampaania, personaliseeritud e-mail",Kevin,Koppel,Kevin Koppel
2641.0,594,4,836.8199999999999,1,4,3,8,New Customers,"Onboarding, welcome-sari",Marit,Järv,Marit Järv
2642.0,339,4,1441.35,1,4,5,10,Regular Customers,Cross-sell kampaaniad,Ragnar,Laas,Ragnar Laas
2643.0,191,2,280.09,3,2,1,6,At Risk,"Win-back kampaania, personaliseeritud e-mail",Margus,Lill,Margus Lill
2644.0,594,2,636.4699999999999,1,2,3,6,At Risk,"Win-back kampaania, personaliseeritud e-mail",Tarmo,Hurt,Tarmo Hurt
2645.0,95,4,1007.98,4,4,4,12,Loyal Customers,"Lojaalsusprogramm, preemiad",Nele,Laas,Nele Laas
2646.0,119,1,828.6,4,1,3,8,New Customers,"Onboarding, welcome-sari",Urmas,Pihl,Urmas Pihl
2649.0,393,1,172.28,1,1,1,3,Lost,Viimane taasaktiveerimise pakkumine,Anu,Värk,Anu Värk
2650.0,213,1,147.8,2,1,1,4,Lost,Viimane taasaktiveerimise pakkumine,Madis,Liiv,Madis Liiv
2652.0,161,6,2920.5299999999997,3,5,5,13,VIP Champions,"Early access, VIP sooduskoodid",Heino,Mitt,Heino Mitt
2653.0,64,5,1821.35,4,5,5,14,VIP Champions,"Early access, VIP sooduskoodid",Elis,Kukk,Elis Kukk
2654.0,101,1,189.52,4,1,1,6,At Risk,"Win-back kampaania, personaliseeritud e-mail",Rasmus,Luik,Rasmus Luik
2657.0,56,5,512.59,5,5,2,12,Loyal Customers,"Lojaalsusprogramm, preemiad",Hille,Rosin,Hille Rosin
2658.0,550,1,48.85,1,1,1,3,Lost,Viimane taasaktiveerimise pakkumine,Enn,Salu,Enn Salu
2659.0,287,4,1387.4099999999999,2,4,4,10,Regular Customers,Cross-sell kampaaniad,Laura,Kõiv,Laura Kõiv
2660.0,61,4,1074.93,5,4,4,13,VIP Champions,"Early access, VIP sooduskoodid",Aivar,Pihl,Aivar Pihl
2661.0,67,1,107.67,4,1,1,6,At Risk,"Win-back kampaania, personaliseeritud e-mail",Väino,Raid,Väino Raid
2662.0,478,1,351.62,1,1,2,4,Lost,Viimane taasaktiveerimise pakkumine,Maris,Luik,Maris Luik
2663.0,236,1,371.05,2,1,2,5,At Risk,"Win-back kampaania, personaliseeritud e-mail",Kristiina,Roots,Kristiina Roots
2664.0,176,2,503.48,3,2,2,7,New Customers,"Onboarding, welcome-sari",Aili,Lill,Aili Lill
2665.0,476,1,41.79,1,1,1,3,Lost,Viimane taasaktiveerimise pakkumine,Maris,Kallas,Maris Kallas
2666.0,424,2,2123.64,1,2,5,8,New Customers,"Onboarding, welcome-sari",Taavi,Tammik,Taavi Tammik
2667.0,580,1,388.92,1,1,2,4,Lost,Viimane taasaktiveerimise pakkumine,Külli,Lõhmus,Külli Lõhmus
2668.0,606,3,734.03,1,3,3,7,New Customers,"Onboarding, welcome-sari",Rasmus,Männik,Rasmus Männik
2670.0,364,1,158.94,1,1,1,3,Lost,Viimane taasaktiveerimise pakkumine,Jaak,Vaher,Jaak Vaher
2671.0,113,4,1214.71,4,4,4,12,Loyal Customers,"Lojaalsusprogramm, preemiad",Liina,Mitt,Liina Mitt
2672.0,130,8,2281.66,3,5,5,13,VIP Champions,"Early access, VIP sooduskoodid",Margus,Kull,Margus Kull
2673.0,186,2,191.68,3,2,1,6,At Risk,"Win-back kampaania, personaliseeritud e-mail",Laura,Kallas,Laura Kallas
2674.0,8,3,1044.1200000000001,5,3,4,12,Loyal Customers,"Lojaalsusprogramm, preemiad",Mihkel,Teder,Mihkel Teder
2675.0,117,2,534.09,4,2,2,8,New Customers,"Onboarding, welcome-sari",Karin,Org,Karin Org
2676.0,167,4,1040.8,3,4,4,11,Loyal Customers,"Lojaalsusprogramm, preemiad",Sander,Roots,Sander Roots
2677.0,783,1,139.74,1,1,1,3,Lost,Viimane taasaktiveerimise pakkumine,Ants,Valk,Ants Valk
2678.0,136,4,1479.59,3,4,5,12,Loyal Customers,"Lojaalsusprogramm, preemiad",Heli,Hurt,Heli Hurt
2681.0,346,2,756.64,1,2,3,6,At Risk,"Win-back kampaania, personaliseeritud e-mail",Kadri,Mitt,Kadri Mitt
2682.0,364,3,382.18,1,3,2,6,At Risk,"Win-back kampaania, personaliseeritud e-mail",Riina,Rebane,Riina Rebane
2683.0,181,2,613.28,3,2,3,8,New Customers,"Onboarding, welcome-sari",Marit,Lill,Marit Lill
2684.0,57,6,3287.9300000000003,5,5,5,15,VIP Champions,"Early access, VIP sooduskoodid",Andres,Sild,Andres Sild
2685.0,95,1,51.58,4,1,1,6,At Risk,"Win-back kampaania, personaliseeritud e-mail",Heli,Männik,Heli Männik
2686.0,188,3,861.4,3,3,3,9,Regular Customers,Cross-sell kampaaniad,Merike,Männik,Merike Männik
2687.0,46,4,2554.02,5,4,5,14,VIP Champions,"Early access, VIP sooduskoodid",Meelis,Mets,Meelis Mets
2689.0,380,3,741.8499999999999,1,3,3,7,New Customers,"Onboarding, welcome-sari",Kristjan,Pärn,Kristjan Pärn
2690.0,334,6,1409.56,2,5,5,12,Loyal Customers,"Lojaalsusprogramm, preemiad",Siim,Toom,Siim Toom
2691.0,204,3,1016.21,3,3,4,10,Regular Customers,Cross-sell kampaaniad,Olev,Valk,Olev Valk
2692.0,52,3,404.83000000000004,5,3,2,10,Regular Customers,Cross-sell kampaaniad,Ragnar,Pärn,Ragnar Pärn
2693.0,70,3,1674.44,4,3,5,12,Loyal Customers,"Lojaalsusprogramm, preemiad",Kadri,Toom,Kadri Toom
2695.0,319,1,154.71,2,1,1,4,Lost,Viimane taasaktiveerimise pakkumine,Kadri,Orav,Kadri Orav
2696.0,2,5,2096.5,5,5,5,15,VIP Champions,"Early access, VIP sooduskoodid",Meelis,Tammik,Meelis Tammik
2697.0,93,2,611.6,4,2,3,9,Regular Customers,Cross-sell kampaaniad,Anu,Lepp,Anu Lepp
2700.0,130,2,565.53,3,2,2,7,New Customers,"Onboarding, welcome-sari",Rein,Kallas,Rein Kallas
2702.0,250,4,679.32,2,4,3,9,Regular Customers,Cross-sell kampaaniad,Terje,Kallas,Terje Kallas
2704.0,319,3,1460.31,2,3,5,10,Regular Customers,Cross-sell kampaaniad,Peeter,Järv,Peeter Järv
2705.0,64,4,1871.32,4,4,5,13,VIP Champions,"Early access, VIP sooduskoodid",Hille,Kask,Hille Kask
2706.0,191,4,1680.1100000000001,3,4,5,12,Loyal Customers,"Lojaalsusprogramm, preemiad",Ants,Tamm,Ants Tamm
2707.0,124,4,3477.2799999999997,4,4,5,13,VIP Champions,"Early access, VIP sooduskoodid",Külli,Sild,Külli Sild
2708.0,85,5,1418.79,4,5,5,14,VIP Champions,"Early access, VIP sooduskoodid",Marika,Kask,Marika Kask
2709.0,158,7,1724.31,3,5,5,13,VIP Champions,"Early access, VIP sooduskoodid",Katrin,Org,Katrin Org
2710.0,54,1,164.3,5,1,1,7,New Customers,"Onboarding, welcome-sari",Laura,Org,Laura Org
2711.0,140,3,667.14,3,3,3,9,Regular Customers,Cross-sell kampaaniad,Taavi,Teder,Taavi Teder
2712.0,46,7,2902.95,5,5,5,15,VIP Champions,"Early access, VIP sooduskoodid",Väino,Rosin,Väino Rosin
2713.0,106,7,2258.12,4,5,5,14,VIP Champions,"Early access, VIP sooduskoodid",Kristiina,Raud,Kristiina Raud
2714.0,369,3,999.29,1,3,4,8,New Customers,"Onboarding, welcome-sari",Karin,Raud,Karin Raud
2715.0,199,1,83.1,3,1,1,5,At Risk,"Win-back kampaania, personaliseeritud e-mail",Erkki,Veski,Erkki Veski
2716.0,60,4,629.1300000000001,5,4,3,12,Loyal Customers,"Lojaalsusprogramm, preemiad",Grete,Kallas,Grete Kallas
2717.0,226,4,925.08,2,4,3,9,Regular Customers,Cross-sell kampaaniad,Marika,Männik,Marika Männik
2719.0,17,2,441.27000000000004,5,2,2,9,Regular Customers,Cross-sell kampaaniad,Taavi,Vaher,Taavi Vaher
2720.0,557,2,241.3,1,2,1,4,Lost,Viimane taasaktiveerimise pakkumine,Peeter,Lass,Peeter Lass
2721.0,84,5,1676.13,4,5,5,14,VIP Champions,"Early access, VIP sooduskoodid",Väino,Mitt,Väino Mitt
2722.0,117,2,351.6,4,2,2,8,New Customers,"Onboarding, welcome-sari",Erkki,Lill,Erkki Lill
2723.0,597,2,950.71,1,2,4,7,New Customers,"Onboarding, welcome-sari",Reet,Kuusik,Reet Kuusik
2724.0,236,2,850.9100000000001,2,2,3,7,New Customers,"Onboarding, welcome-sari",Mart,Lass,Mart Lass
2725.0,328,3,577.87,2,3,2,7,New Customers,"Onboarding, welcome-sari",Priit,Kõiv,Priit Kõiv
2726.0,61,3,462.85,5,3,2,10,Regular Customers,Cross-sell kampaaniad,Elis,Laas,Elis Laas
2727.0,19,2,608.0,5,2,2,9,Regular Customers,Cross-sell kampaaniad,Elis,Pärn,Elis Pärn
2728.0,562,1,694.32,1,1,3,5,At Risk,"Win-back kampaania, personaliseeritud e-mail",Marika,Kaalep,Marika Kaalep
2729.0,35,2,915.75,5,2,3,10,Regular Customers,Cross-sell kampaaniad,Kristi,Vaher,Kristi Vaher
2730.0,304,4,952.61,2,4,4,10,Regular Customers,Cross-sell kampaaniad,Merle,Puusepp,Merle Puusepp
2731.0,362,5,1504.33,1,5,5,11,Loyal Customers,"Lojaalsusprogramm, preemiad",Indrek,Mets,Indrek Mets
2732.0,299,4,1288.22,2,4,4,10,Regular Customers,Cross-sell kampaaniad,Karin,Valk,Karin Valk
2733.0,212,4,1288.79,2,4,4,10,Regular Customers,Cross-sell kampaaniad,Eha,Järv,Eha Järv
2734.0,108,2,958.23,4,2,4,10,Regular Customers,Cross-sell kampaaniad,Marika,Orav,Marika Orav
2735.0,69,7,1697.56,4,5,5,14,VIP Champions,"Early access, VIP sooduskoodid",Maie,Koppel,Maie Koppel
2737.0,221,1,642.84,2,1,3,6,At Risk,"Win-back kampaania, personaliseeritud e-mail",Piret,Kivi,Piret Kivi
2739.0,45,2,727.28,5,2,3,10,Regular Customers,Cross-sell kampaaniad,Sigrid,Kõiv,Sigrid Kõiv
2740.0,269,2,1496.63,2,2,5,9,Regular Customers,Cross-sell kampaaniad,Tiina,Kallas,Tiina Kallas
2741.0,52,5,1645.34,5,5,5,15,VIP Champions,"Early access, VIP sooduskoodid",Sandra,Lõhmus,Sandra Lõhmus
2742.0,207,2,1380.0,3,2,4,9,Regular Customers,Cross-sell kampaaniad,Henri,Mets,Henri Mets
2743.0,110,3,739.39,4,3,3,10,Regular Customers,Cross-sell kampaaniad,Ragnar,Luik,Ragnar Luik
2744.0,355,5,2480.73,1,5,5,11,Loyal Customers,"Lojaalsusprogramm, preemiad",Piret,Kull,Piret Kull
2745.0,153,6,1455.31,3,5,5,13,VIP Champions,"Early access, VIP sooduskoodid",Ene,Liiv,Ene Liiv
2746.0,399,3,1514.81,1,3,5,9,Regular Customers,Cross-sell kampaaniad,Toomas,Org,Toomas Org
2747.0,317,1,51.5,2,1,1,4,Lost,Viimane taasaktiveerimise pakkumine,Piret,Kuusik,Piret Kuusik
2748.0,368,2,309.37,1,2,1,4,Lost,Viimane taasaktiveerimise pakkumine,Enn,Mägi,Enn Mägi
2749.0,1,4,1270.6,5,4,4,13,VIP Champions,"Early access, VIP sooduskoodid",Urmas,Kukk,Urmas Kukk
2750.0,160,5,1281.23,3,5,4,12,Loyal Customers,"Lojaalsusprogramm, preemiad",Tõnu,Lõoke,Tõnu Lõoke
2751.0,212,3,701.4,2,3,3,8,New Customers,"Onboarding, welcome-sari",Ants,Kuusk,Ants Kuusk
2752.0,255,1,302.86,2,1,1,4,Lost,Viimane taasaktiveerimise pakkumine,Merle,Kaalep,Merle Kaalep
2754.0,241,1,253.23,2,1,1,4,Lost,Viimane taasaktiveerimise pakkumine,Liis,Nurk,Liis Nurk
2755.0,221,5,2241.7,2,5,5,12,Loyal Customers,"Lojaalsusprogramm, preemiad",Merike,Nõmm,Merike Nõmm
2756.0,258,2,500.26,2,2,2,6,At Risk,"Win-back kampaania, personaliseeritud e-mail",Tiit,Värk,Tiit Värk
2757.0,434,3,1054.0,1,3,4,8,New Customers,"Onboarding, welcome-sari",Erkki,Mets,Erkki Mets
2758.0,58,7,1175.3899999999999,5,5,4,14,VIP Champions,"Early access, VIP sooduskoodid",Kristi,Oja,Kristi Oja
2759.0,109,4,1149.86,4,4,4,12,Loyal Customers,"Lojaalsusprogramm, preemiad",Erkki,Saar,Erkki Saar
2760.0,274,2,499.88,2,2,2,6,At Risk,"Win-back kampaania, personaliseeritud e-mail",Ene,Pärn,Ene Pärn
2761.0,184,3,728.31,3,3,3,9,Regular Customers,Cross-sell kampaaniad,Külli,Org,Külli Org
2762.0,269,3,366.59000000000003,2,3,2,7,New Customers,"Onboarding, welcome-sari",Liina,Kõiv,Liina Kõiv
2763.0,455,1,552.4,1,1,2,4,Lost,Viimane taasaktiveerimise pakkumine,Margus,Lõoke,Margus Lõoke
2764.0,71,4,1004.08,4,4,4,12,Loyal Customers,"Lojaalsusprogramm, preemiad",Maris,Männik,Maris Männik
2765.0,7,6,1349.9099999999999,5,5,4,14,VIP Champions,"Early access, VIP sooduskoodid",Kersti,Veski,Kersti Veski
2766.0,76,8,1558.16,4,5,5,14,VIP Champions,"Early access, VIP sooduskoodid",Tarmo,Luik,Tarmo Luik
2767.0,389,2,246.89,1,2,1,4,Lost,Viimane taasaktiveerimise pakkumine,Kaido,Mitt,Kaido Mitt
2768.0,133,3,331.66,3,3,2,8,New Customers,"Onboarding, welcome-sari",Aivar,Toom,Aivar Toom
2770.0,78,5,2662.2,4,5,5,14,VIP Champions,"Early access, VIP sooduskoodid",Toomas,Lõhmus,Toomas Lõhmus
2771.0,21,6,1437.11,5,5,5,15,VIP Champions,"Early access, VIP sooduskoodid",Andres,Sepp,Andres Sepp
2772.0,238,2,281.39,2,2,1,5,At Risk,"Win-back kampaania, personaliseeritud e-mail",Jüri,Vaher,Jüri Vaher
2773.0,222,3,1085.73,2,3,4,9,Regular Customers,Cross-sell kampaaniad,Enn,Lõhmus,Enn Lõhmus
2774.0,433,2,374.43,1,2,2,5,At Risk,"Win-back kampaania, personaliseeritud e-mail",Külli,Rebane,Külli Rebane
2775.0,9,27,7923.54,5,5,5,15,VIP Champions,"Early access, VIP sooduskoodid",Ants,Paju,Ants Paju
2776.0,342,1,138.13,1,1,1,3,Lost,Viimane taasaktiveerimise pakkumine,Triin,Lill,Triin Lill
2777.0,310,3,1147.73,2,3,4,9,Regular Customers,Cross-sell kampaaniad,Rasmus,Mets,Rasmus Mets
2778.0,501,2,450.68999999999994,1,2,2,5,At Risk,"Win-back kampaania, personaliseeritud e-mail",Taavi,Teder,Taavi Teder
2779.0,212,3,898.75,2,3,3,8,New Customers,"Onboarding, welcome-sari",Lea,Teder,Lea Teder
2780.0,588,2,358.16,1,2,2,5,At Risk,"Win-back kampaania, personaliseeritud e-mail",Kati,Tamm,Kati Tamm
2781.0,183,4,826.72,3,4,3,10,Regular Customers,Cross-sell kampaaniad,Henri,Roots,Henri Roots
2782.0,68,2,324.03,4,2,1,7,New Customers,"Onboarding, welcome-sari",Hille,Mägi,Hille Mägi
2784.0,272,2,802.1600000000001,2,2,3,7,New Customers,"Onboarding, welcome-sari",Mart,Pihl,Mart Pihl
2785.0,65,2,1247.44,4,2,4,10,Regular Customers,Cross-sell kampaaniad,Grete,Tamm,Grete Tamm
2787.0,53,3,933.59,5,3,3,11,Loyal Customers,"Lojaalsusprogramm, preemiad",Terje,Lõhmus,Terje Lõhmus
2788.0,623,2,1103.48,1,2,4,7,New Customers,"Onboarding, welcome-sari",Väino,Arro,Väino Arro
2789.0,74,4,846.67,4,4,3,11,Loyal Customers,"Lojaalsusprogramm, preemiad",Henri,Järv,Henri Järv
2792.0,255,4,1280.26,2,4,4,10,Regular Customers,Cross-sell kampaaniad,Merike,Mägi,Merike Mägi
2793.0,16,5,1726.59,5,5,5,15,VIP Champions,"Early access, VIP sooduskoodid",Hille,Nõmm,Hille Nõmm
2794.0,603,1,531.05,1,1,2,4,Lost,Viimane taasaktiveerimise pakkumine,Ago,Lõoke,Ago Lõoke
2795.0,71,6,1770.78,4,5,5,14,VIP Champions,"Early access, VIP sooduskoodid",Urmas,Valk,Urmas Valk
2797.0,230,2,441.73,2,2,2,6,At Risk,"Win-back kampaania, personaliseeritud e-mail",Siim,Paas,Siim Paas
2799.0,148,5,1125.27,3,5,4,12,Loyal Customers,"Lojaalsusprogramm, preemiad",Aili,Sepp,Aili Sepp
2802.0,380,3,463.89,1,3,2,6,At Risk,"Win-back kampaania, personaliseeritud e-mail",Kevin,Lõhmus,Kevin Lõhmus
2803.0,270,5,1315.27,2,5,4,11,Loyal Customers,"Lojaalsusprogramm, preemiad",Erkki,Kallas,Erkki Kallas
2804.0,65,3,1813.65,4,3,5,12,Loyal Customers,"Lojaalsusprogramm, preemiad",Tõnu,Nurk,Tõnu Nurk
2805.0,221,4,1051.13,2,4,4,10,Regular Customers,Cross-sell kampaaniad,Annika,Must,Annika Must
2806.0,48,6,1678.4,5,5,5,15,VIP Champions,"Early access, VIP sooduskoodid",Kevin,Paas,Kevin Paas
2807.0,244,3,1204.87,2,3,4,9,Regular Customers,Cross-sell kampaaniad,Meelis,Nurk,Meelis Nurk
2808.0,27,6,1398.92,5,5,5,15,VIP Champions,"Early access, VIP sooduskoodid",Aili,Lõhmus,Aili Lõhmus
2809.0,4,4,821.24,5,4,3,12,Loyal Customers,"Lojaalsusprogramm, preemiad",Madis,Kull,Madis Kull
2810.0,87,1,191.48,4,1,1,6,At Risk,"Win-back kampaania, personaliseeritud e-mail",Meelis,Kuusik,Meelis Kuusik
2812.0,106,3,1216.02,4,3,4,11,Loyal Customers,"Lojaalsusprogramm, preemiad",Marika,Raid,Marika Raid
2814.0,43,1,47.88,5,1,1,7,New Customers,"Onboarding, welcome-sari",Arvo,Lepp,Arvo Lepp
2816.0,204,1,145.16,3,1,1,5,At Risk,"Win-back kampaania, personaliseeritud e-mail",Mart,Värk,Mart Värk
2817.0,99,2,248.31,4,2,1,7,New Customers,"Onboarding, welcome-sari",Pille,Tamm,Pille Tamm
2818.0,357,1,342.66,1,1,2,4,Lost,Viimane taasaktiveerimise pakkumine,Terje,Raud,Terje Raud
2819.0,107,4,720.69,4,4,3,11,Loyal Customers,"Lojaalsusprogramm, preemiad",Enn,Sild,Enn Sild
2821.0,90,1,106.69,4,1,1,6,At Risk,"Win-back kampaania, personaliseeritud e-mail",Liis,Hurt,Liis Hurt
2822.0,259,1,614.61,2,1,3,6,At Risk,"Win-back kampaania, personaliseeritud e-mail",Kadri,Luik,Kadri Luik
2823.0,152,7,2402.05,3,5,5,13,VIP Champions,"Early access, VIP sooduskoodid",Väino,Kuusk,Väino Kuusk
2824.0,118,2,372.8,4,2,2,8,New Customers,"Onboarding, welcome-sari",Indrek,Sepp,Indrek Sepp
2825.0,435,3,443.51,1,3,2,6,At Risk,"Win-back kampaania, personaliseeritud e-mail",Aili,Raud,Aili Raud
2826.0,78,6,2090.35,4,5,5,14,VIP Champions,"Early access, VIP sooduskoodid",Ants,Lõoke,Ants Lõoke
2827.0,27,5,915.14,5,5,3,13,VIP Champions,"Early access, VIP sooduskoodid",Tõnu,Lepp,Tõnu Lepp
2828.0,448,2,588.1800000000001,1,2,2,5,At Risk,"Win-back kampaania, personaliseeritud e-mail",Elis,Liiv,Elis Liiv
2829.0,99,1,254.85,4,1,1,6,At Risk,"Win-back kampaania, personaliseeritud e-mail",Nele,Orav,Nele Orav
2831.0,230,3,2045.54,2,3,5,10,Regular Customers,Cross-sell kampaaniad,Rain,Oja,Rain Oja
2832.0,51,2,2625.52,5,2,5,12,Loyal Customers,"Lojaalsusprogramm, preemiad",Merike,Laas,Merike Laas
2833.0,98,3,522.51,4,3,2,9,Regular Customers,Cross-sell kampaaniad,Kadri,Tammik,Kadri Tammik
2834.0,327,1,594.87,2,1,2,5,At Risk,"Win-back kampaania, personaliseeritud e-mail",Riina,Järv,Riina Järv
2835.0,322,4,1057.8999999999999,2,4,4,10,Regular Customers,Cross-sell kampaaniad,Ene,Lepp,Ene Lepp
2836.0,65,6,1070.03,4,5,4,13,VIP Champions,"Early access, VIP sooduskoodid",Liis,Liiv,Liis Liiv
2837.0,43,1,104.85,5,1,1,7,New Customers,"Onboarding, welcome-sari",Laura,Pihl,Laura Pihl
2839.0,247,3,1338.96,2,3,4,9,Regular Customers,Cross-sell kampaaniad,Rasmus,Kallas,Rasmus Kallas
2841.0,144,5,1074.1,3,5,4,12,Loyal Customers,"Lojaalsusprogramm, preemiad",Sirje,Lepik,Sirje Lepik
2842.0,51,3,754.9,5,3,3,11,Loyal Customers,"Lojaalsusprogramm, preemiad",Kristjan,Mets,Kristjan Mets
2843.0,287,2,973.3499999999999,2,2,4,8,New Customers,"Onboarding, welcome-sari",Kati,Kaalep,Kati Kaalep
2844.0,302,4,2211.84,2,4,5,11,Loyal Customers,"Lojaalsusprogramm, preemiad",Anna,Mets,Anna Mets
2845.0,24,2,1033.6200000000001,5,2,4,11,Loyal Customers,"Lojaalsusprogramm, preemiad",Kevin,Lass,Kevin Lass
2846.0,124,3,1211.7,4,3,4,11,Loyal Customers,"Lojaalsusprogramm, preemiad",Ants,Org,Ants Org
2847.0,126,1,176.65,3,1,1,5,At Risk,"Win-back kampaania, personaliseeritud e-mail",Margus,Vaher,Margus Vaher
2848.0,167,3,975.5899999999999,3,3,4,10,Regular Customers,Cross-sell kampaaniad,Kaido,Teder,Kaido Teder
2849.0,93,7,2748.1,4,5,5,14,VIP Champions,"Early access, VIP sooduskoodid",Kersti,Põld,Kersti Põld
2850.0,76,4,1471.6599999999999,4,4,5,13,VIP Champions,"Early access, VIP sooduskoodid",Madis,Hurt,Madis Hurt
2851.0,311,2,168.08,2,2,1,5,At Risk,"Win-back kampaania, personaliseeritud e-mail",Ene,Kull,Ene Kull
2852.0,78,4,926.1,4,4,3,11,Loyal Customers,"Lojaalsusprogramm, preemiad",Marko,Paju,Marko Paju
2853.0,29,1,654.14,5,1,3,9,Regular Customers,Cross-sell kampaaniad,Taavi,Pihl,Taavi Pihl
2854.0,253,4,1084.91,2,4,4,10,Regular Customers,Cross-sell kampaaniad,Olev,Saar,Olev Saar
2855.0,396,3,759.37,1,3,3,7,New Customers,"Onboarding, welcome-sari",Merle,Järv,Merle Järv
2856.0,120,1,182.77,4,1,1,6,At Risk,"Win-back kampaania, personaliseeritud e-mail",Kristjan,Liiv,Kristjan Liiv
2859.0,209,1,184.07,2,1,1,4,Lost,Viimane taasaktiveerimise pakkumine,Maie,Saar,Maie Saar
2860.0,155,4,695.9200000000001,3,4,3,10,Regular Customers,Cross-sell kampaaniad,Margus,Kukk,Margus Kukk
2861.0,17,1,104.27,5,1,1,7,New Customers,"Onboarding, welcome-sari",Raivo,Koppel,Raivo Koppel
2862.0,92,2,1103.13,4,2,4,10,Regular Customers,Cross-sell kampaaniad,Jüri,Lõhmus,Jüri Lõhmus
2863.0,150,6,2342.91,3,5,5,13,VIP Champions,"Early access, VIP sooduskoodid",Maris,Paas,Maris Paas
2864.0,394,2,629.84,1,2,3,6,At Risk,"Win-back kampaania, personaliseeritud e-mail",Kristiina,Toom,Kristiina Toom
2865.0,91,3,465.87,4,3,2,9,Regular Customers,Cross-sell kampaaniad,Arvo,Järv,Arvo Järv
2867.0,242,3,765.1899999999999,2,3,3,8,New Customers,"Onboarding, welcome-sari",Mihkel,Kallas,Mihkel Kallas
2869.0,215,4,1547.46,2,4,5,11,Loyal Customers,"Lojaalsusprogramm, preemiad",Maris,Kaalep,Maris Kaalep
2870.0,165,2,870.82,3,2,3,8,New Customers,"Onboarding, welcome-sari",Kevin,Tammik,Kevin Tammik
2871.0,137,5,887.86,3,5,3,11,Loyal Customers,"Lojaalsusprogramm, preemiad",Külli,Mitt,Külli Mitt
2872.0,64,4,1225.8,4,4,4,12,Loyal Customers,"Lojaalsusprogramm, preemiad",Kadri,Vaher,Kadri Vaher
2874.0,235,5,4091.6,2,5,5,12,Loyal Customers,"Lojaalsusprogramm, preemiad",Annika,Valk,Annika Valk
2875.0,150,2,774.34,3,2,3,8,New Customers,"Onboarding, welcome-sari",Kadri,Tammik,Kadri Tammik
2876.0,321,2,738.96,2,2,3,7,New Customers,"Onboarding, welcome-sari",Sandra,Veski,Sandra Veski
2878.0,89,2,286.20000000000005,4,2,1,7,New Customers,"Onboarding, welcome-sari",Ago,Oja,Ago Oja
2879.0,34,1,756.3,5,1,3,9,Regular Customers,Cross-sell kampaaniad,Madis,Kask,Madis Kask
2880.0,172,2,714.62,3,2,3,8,New Customers,"Onboarding, welcome-sari",Madis,Pärn,Madis Pärn
2881.0,155,3,579.91,3,3,2,8,New Customers,"Onboarding, welcome-sari",Maie,Veski,Maie Veski
2882.0,61,4,1615.41,5,4,5,14,VIP Champions,"Early access, VIP sooduskoodid",Piret,Lass,Piret Lass
2883.0,216,1,486.04,2,1,2,5,At Risk,"Win-back kampaania, personaliseeritud e-mail",Toomas,Mets,Toomas Mets
2884.0,200,3,491.92,3,3,2,8,New Customers,"Onboarding, welcome-sari",Marko,Raud,Marko Raud
2885.0,200,4,1360.6200000000001,3,4,4,11,Loyal Customers,"Lojaalsusprogramm, preemiad",Kaido,Arro,Kaido Arro
2886.0,85,2,196.47,4,2,1,7,New Customers,"Onboarding, welcome-sari",Arvo,Vaher,Arvo Vaher
2887.0,203,2,517.66,3,2,2,7,New Customers,"Onboarding, welcome-sari",Jaak,Rosin,Jaak Rosin
2888.0,168,3,260.47,3,3,1,7,New Customers,"Onboarding, welcome-sari",Liina,Kangur,Liina Kangur
2889.0,3,69,23104.81,5,5,5,15,VIP Champions,"Early access, VIP sooduskoodid",Laura,Tammik,Laura Tammik
2890.0,137,2,382.02000000000004,3,2,2,7,New Customers,"Onboarding, welcome-sari",Kristiina,Veski,Kristiina Veski
2891.0,328,4,539.24,2,4,2,8,New Customers,"Onboarding, welcome-sari",Taavi,Oja,Taavi Oja
2892.0,184,2,238.35000000000002,3,2,1,6,At Risk,"Win-back kampaania, personaliseeritud e-mail",Marit,Värk,Marit Värk
2893.0,186,3,1168.29,3,3,4,10,Regular Customers,Cross-sell kampaaniad,Madis,Lass,Madis Lass
2894.0,521,1,1106.01,1,1,4,6,At Risk,"Win-back kampaania, personaliseeritud e-mail",Ragnar,Orav,Ragnar Orav
2895.0,321,2,392.32000000000005,2,2,2,6,At Risk,"Win-back kampaania, personaliseeritud e-mail",Pille,Lõoke,Pille Lõoke
2897.0,55,1,42.64,5,1,1,7,New Customers,"Onboarding, welcome-sari",Sigrid,Arro,Sigrid Arro
2898.0,292,2,852.45,2,2,3,7,New Customers,"Onboarding, welcome-sari",Jaak,Talvik,Jaak Talvik
2899.0,7,5,1618.1000000000001,5,5,5,15,VIP Champions,"Early access, VIP sooduskoodid",Terje,Pihl,Terje Pihl
2900.0,21,1,261.46,5,1,1,7,New Customers,"Onboarding, welcome-sari",Liis,Sepp,Liis Sepp
2901.0,260,6,1191.3799999999999,2,5,4,11,Loyal Customers,"Lojaalsusprogramm, preemiad",Meelis,Laas,Meelis Laas
2902.0,152,1,605.72,3,1,2,6,At Risk,"Win-back kampaania, personaliseeritud e-mail",Hille,Kallas,Hille Kallas
2905.0,199,4,748.68,3,4,3,10,Regular Customers,Cross-sell kampaaniad,Sandra,Raud,Sandra Raud
2906.0,6,4,815.77,5,4,3,12,Loyal Customers,"Lojaalsusprogramm, preemiad",Ragnar,Lepik,Ragnar Lepik
2907.0,158,1,279.43,3,1,1,5,At Risk,"Win-back kampaania, personaliseeritud e-mail",Annika,Kõiv,Annika Kõiv
2908.0,6,2,438.38,5,2,2,9,Regular Customers,Cross-sell kampaaniad,Toomas,Paas,Toomas Paas
2909.0,20,4,1355.17,5,4,4,13,VIP Champions,"Early access, VIP sooduskoodid",Aili,Kuusik,Aili Kuusik
2910.0,124,4,1179.22,4,4,4,12,Loyal Customers,"Lojaalsusprogramm, preemiad",Tarmo,Vaher,Tarmo Vaher
2911.0,121,5,1680.19,4,5,5,14,VIP Champions,"Early access, VIP sooduskoodid",Liina,Lill,Liina Lill
2912.0,515,2,484.12,1,2,2,5,At Risk,"Win-back kampaania, personaliseeritud e-mail",Raivo,Lõoke,Raivo Lõoke
2913.0,37,11,3655.6,5,5,5,15,VIP Champions,"Early access, VIP sooduskoodid",Aili,Hurt,Aili Hurt
2914.0,17,3,1141.25,5,3,4,12,Loyal Customers,"Lojaalsusprogramm, preemiad",Rein,Luik,Rein Luik
2915.0,126,3,1001.56,3,3,4,10,Regular Customers,Cross-sell kampaaniad,Tõnu,Saar,Tõnu Saar
2916.0,707,1,221.42,1,1,1,3,Lost,Viimane taasaktiveerimise pakkumine,Marika,Aas,Marika Aas
2917.0,18,4,1507.59,5,4,5,14,VIP Champions,"Early access, VIP sooduskoodid",Ago,Kukk,Ago Kukk
2920.0,216,1,130.02,2,1,1,4,Lost,Viimane taasaktiveerimise pakkumine,Merle,Lepik,Merle Lepik
2922.0,363,1,884.76,1,1,3,5,At Risk,"Win-back kampaania, personaliseeritud e-mail",Reet,Laas,Reet Laas
2924.0,249,3,759.56,2,3,3,8,New Customers,"Onboarding, welcome-sari",Margus,Veski,Margus Veski
2926.0,222,3,530.4000000000001,2,3,2,7,New Customers,"Onboarding, welcome-sari",Maie,Lõhmus,Maie Lõhmus
2927.0,184,3,478.03,3,3,2,8,New Customers,"Onboarding, welcome-sari",Rasmus,Männik,Rasmus Männik
2928.0,223,3,1074.57,2,3,4,9,Regular Customers,Cross-sell kampaaniad,Jüri,Vaher,Jüri Vaher
2929.0,21,3,324.40000000000003,5,3,1,9,Regular Customers,Cross-sell kampaaniad,Kadri,Pihl,Kadri Pihl
2930.0,548,2,403.77,1,2,2,5,At Risk,"Win-back kampaania, personaliseeritud e-mail",Priit,Kull,Priit Kull
2931.0,100,5,1432.55,4,5,5,14,VIP Champions,"Early access, VIP sooduskoodid",Meelis,Kask,Meelis Kask
2932.0,72,4,1613.45,4,4,5,13,VIP Champions,"Early access, VIP sooduskoodid",Karin,Kaalep,Karin Kaalep
2933.0,45,4,331.07,5,4,1,10,Regular Customers,Cross-sell kampaaniad,Indrek,Lepik,Indrek Lepik
2935.0,191,1,665.1,3,1,3,7,New Customers,"Onboarding, welcome-sari",Margus,Vaher,Margus Vaher
2936.0,249,1,560.31,2,1,2,5,At Risk,"Win-back kampaania, personaliseeritud e-mail",Aili,Teder,Aili Teder
2937.0,509,3,1045.73,1,3,4,8,New Customers,"Onboarding, welcome-sari",Kersti,Puusepp,Kersti Puusepp
2938.0,304,4,887.6,2,4,3,9,Regular Customers,Cross-sell kampaaniad,Liina,Kukk,Liina Kukk
2939.0,150,2,985.14,3,2,4,9,Regular Customers,Cross-sell kampaaniad,Anna,Rosin,Anna Rosin
2940.0,101,2,205.14,4,2,1,7,New Customers,"Onboarding, welcome-sari",Rain,Rebane,Rain Rebane
2941.0,124,7,1834.43,4,5,5,14,VIP Champions,"Early access, VIP sooduskoodid",Hille,Lepik,Hille Lepik
2942.0,174,5,1013.22,3,5,4,12,Loyal Customers,"Lojaalsusprogramm, preemiad",Laura,Oja,Laura Oja
2943.0,150,4,782.71,3,4,3,10,Regular Customers,Cross-sell kampaaniad,Marit,Tammik,Marit Tammik
2944.0,54,2,989.18,5,2,4,11,Loyal Customers,"Lojaalsusprogramm, preemiad",Merle,Kivi,Merle Kivi
2946.0,125,4,1343.65,4,4,4,12,Loyal Customers,"Lojaalsusprogramm, preemiad",Annika,Toom,Annika Toom
2948.0,304,3,570.93,2,3,2,7,New Customers,"Onboarding, welcome-sari",Priit,Teder,Priit Teder
2949.0,79,7,2421.0499999999997,4,5,5,14,VIP Champions,"Early access, VIP sooduskoodid",Sandra,Lõoke,Sandra Lõoke
2950.0,382,1,410.0,1,1,2,4,Lost,Viimane taasaktiveerimise pakkumine,Aili,Mets,Aili Mets
2951.0,37,4,1474.67,5,4,5,14,VIP Champions,"Early access, VIP sooduskoodid",Lea,Mets,Lea Mets
2952.0,161,7,2632.69,3,5,5,13,VIP Champions,"Early access, VIP sooduskoodid",Sandra,Sild,Sandra Sild
2954.0,29,4,2431.92,5,4,5,14,VIP Champions,"Early access, VIP sooduskoodid",Kersti,Lõoke,Kersti Lõoke
2955.0,35,13,5417.71,5,5,5,15,VIP Champions,"Early access, VIP sooduskoodid",Tiina,Laas,Tiina Laas
2956.0,5,4,1866.29,5,4,5,14,VIP Champions,"Early access, VIP sooduskoodid",Kristi,Kuusik,Kristi Kuusik
2957.0,376,3,973.53,1,3,4,8,New Customers,"Onboarding, welcome-sari",Peeter,Raud,Peeter Raud
2960.0,266,2,248.67000000000002,2,2,1,5,At Risk,"Win-back kampaania, personaliseeritud e-mail",Maie,Paju,Maie Paju
2961.0,4,6,4419.27,5,5,5,15,VIP Champions,"Early access, VIP sooduskoodid",Siim,Männik,Siim Männik
2962.0,255,1,158.94,2,1,1,4,Lost,Viimane taasaktiveerimise pakkumine,Rain,Raid,Rain Raid
2963.0,15,5,737.71,5,5,3,13,VIP Champions,"Early access, VIP sooduskoodid",Urmas,Kuusk,Urmas Kuusk
2964.0,89,1,388.92,4,1,2,7,New Customers,"Onboarding, welcome-sari",Hille,Lill,Hille Lill
2966.0,83,2,321.79,4,2,1,7,New Customers,"Onboarding, welcome-sari",Anu,Liiv,Anu Liiv
2968.0,219,3,859.1200000000001,2,3,3,8,New Customers,"Onboarding, welcome-sari",Tarmo,Toom,Tarmo Toom
2969.0,583,2,1495.79,1,2,5,8,New Customers,"Onboarding, welcome-sari",Liina,Kõiv,Liina Kõiv
2971.0,230,3,683.38,2,3,3,8,New Customers,"Onboarding, welcome-sari",Tarmo,Kallas,Tarmo Kallas
2972.0,433,5,737.1800000000001,1,5,3,9,Regular Customers,Cross-sell kampaaniad,Pille,Rand,Pille Rand
2973.0,431,4,1096.84,1,4,4,9,Regular Customers,Cross-sell kampaaniad,Karin,Paas,Karin Paas
2974.0,296,1,272.6,2,1,1,4,Lost,Viimane taasaktiveerimise pakkumine,Liis,Järv,Liis Järv
2975.0,380,2,630.5699999999999,1,2,3,6,At Risk,"Win-back kampaania, personaliseeritud e-mail",Mihkel,Kallas,Mihkel Kallas
2976.0,397,3,1458.65,1,3,5,9,Regular Customers,Cross-sell kampaaniad,Arvo,Lepik,Arvo Lepik
2977.0,131,4,2348.3599999999997,3,4,5,12,Loyal Customers,"Lojaalsusprogramm, preemiad",Rasmus,Rebane,Rasmus Rebane
2978.0,250,5,2306.84,2,5,5,12,Loyal Customers,"Lojaalsusprogramm, preemiad",Anu,Sild,Anu Sild
2979.0,127,3,929.3100000000001,3,3,3,9,Regular Customers,Cross-sell kampaaniad,Kevin,Aas,Kevin Aas
2980.0,17,6,1640.12,5,5,5,15,VIP Champions,"Early access, VIP sooduskoodid",Tarmo,Kask,Tarmo Kask
2981.0,147,2,157.42000000000002,3,2,1,6,At Risk,"Win-back kampaania, personaliseeritud e-mail",Sandra,Lepik,Sandra Lepik
2983.0,620,3,556.95,1,3,2,6,At Risk,"Win-back kampaania, personaliseeritud e-mail",Liis,Kuusik,Liis Kuusik
2984.0,11,5,853.25,5,5,3,13,VIP Champions,"Early access, VIP sooduskoodid",Sirje,Sepp,Sirje Sepp
2986.0,509,2,1030.51,1,2,4,7,New Customers,"Onboarding, welcome-sari",Henri,Pärn,Henri Pärn
2987.0,11,4,792.25,5,4,3,12,Loyal Customers,"Lojaalsusprogramm, preemiad",Ene,Paju,Ene Paju
2988.0,418,1,360.28,1,1,2,4,Lost,Viimane taasaktiveerimise pakkumine,Priit,Veski,Priit Veski
2989.0,261,5,2035.4599999999998,2,5,5,12,Loyal Customers,"Lojaalsusprogramm, preemiad",Tiit,Järv,Tiit Järv
2990.0,456,2,473.52,1,2,2,5,At Risk,"Win-back kampaania, personaliseeritud e-mail",Henri,Pärn,Henri Pärn
2991.0,211,2,1165.86,2,2,4,8,New Customers,"Onboarding, welcome-sari",Ene,Liiv,Ene Liiv
2993.0,76,1,329.99,4,1,1,6,At Risk,"Win-back kampaania, personaliseeritud e-mail",Kevin,Kull,Kevin Kull
2994.0,94,2,1026.64,4,2,4,10,Regular Customers,Cross-sell kampaaniad,Merle,Salu,Merle Salu
2995.0,75,2,626.36,4,2,3,9,Regular Customers,Cross-sell kampaaniad,Mart,Kuusk,Mart Kuusk
2996.0,117,4,848.0600000000001,4,4,3,11,Loyal Customers,"Lojaalsusprogramm, preemiad",Rain,Nurk,Rain Nurk
2997.0,2,73,23108.66,5,5,5,15,VIP Champions,"Early access, VIP sooduskoodid",Kevin,Org,Kevin Org
2999.0,89,3,896.82,4,3,3,10,Regular Customers,Cross-sell kampaaniad,Annika,Teder,Annika Teder
3000.0,149,3,748.95,3,3,3,9,Regular Customers,Cross-sell kampaaniad,Siim,Sepp,Siim Sepp
3001.0,7,4,2657.02,5,4,5,14,VIP Champions,"Early access, VIP sooduskoodid",Toomas,Lepp,Toomas Lepp
3002.0,557,1,659.49,1,1,3,5,At Risk,"Win-back kampaania, personaliseeritud e-mail",Grete,Org,Grete Org
3003.0,87,5,1210.3600000000001,4,5,4,13,VIP Champions,"Early access, VIP sooduskoodid",Ants,Paas,Ants Paas
3004.0,158,1,583.44,3,1,2,6,At Risk,"Win-back kampaania, personaliseeritud e-mail",Peeter,Puusepp,Peeter Puusepp
3006.0,284,1,331.59,2,1,2,5,At Risk,"Win-back kampaania, personaliseeritud e-mail",Katrin,Arro,Katrin Arro
3007.0,322,1,47.36,2,1,1,4,Lost,Viimane taasaktiveerimise pakkumine,Riina,Mägi,Riina Mägi
3008.0,743,1,1053.99,1,1,4,6,At Risk,"Win-back kampaania, personaliseeritud e-mail",Lea,Lill,Lea Lill
3009.0,205,3,894.12,3,3,3,9,Regular Customers,Cross-sell kampaaniad,Katrin,Kull,Katrin Kull
3010.0,70,5,1860.23,4,5,5,14,VIP Champions,"Early access, VIP sooduskoodid",Sigrid,Tamm,Sigrid Tamm
3011.0,209,4,698.89,2,4,3,9,Regular Customers,Cross-sell kampaaniad,Ene,Rosin,Ene Rosin
3012.0,75,4,901.24,4,4,3,11,Loyal Customers,"Lojaalsusprogramm, preemiad",Eha,Kuusk,Eha Kuusk
3014.0,3,3,1449.1399999999999,5,3,5,13,VIP Champions,"Early access, VIP sooduskoodid",Reet,Valk,Reet Valk
3015.0,299,3,1298.75,2,3,4,9,Regular Customers,Cross-sell kampaaniad,Väino,Pihl,Väino Pihl
3017.0,319,1,291.72,2,1,1,4,Lost,Viimane taasaktiveerimise pakkumine,Triin,Veski,Triin Veski
3018.0,479,2,663.22,1,2,3,6,At Risk,"Win-back kampaania, personaliseeritud e-mail",Kersti,Kuusk,Kersti Kuusk
3019.0,206,4,1756.05,3,4,5,12,Loyal Customers,"Lojaalsusprogramm, preemiad",Erkki,Järv,Erkki Järv
3020.0,18,3,944.1999999999999,5,3,4,12,Loyal Customers,"Lojaalsusprogramm, preemiad",Maris,Kuusik,Maris Kuusik
3021.0,198,1,147.58,3,1,1,5,At Risk,"Win-back kampaania, personaliseeritud e-mail",Tarmo,Saar,Tarmo Saar
3022.0,558,1,209.05,1,1,1,3,Lost,Viimane taasaktiveerimise pakkumine,Jaak,Ilves,Jaak Ilves
3023.0,322,3,729.79,2,3,3,8,New Customers,"Onboarding, welcome-sari",Pille,Aas,Pille Aas
3024.0,198,1,1482.9,3,1,5,9,Regular Customers,Cross-sell kampaaniad,Rein,Tammik,Rein Tammik
3025.0,18,5,1696.74,5,5,5,15,VIP Champions,"Early access, VIP sooduskoodid",Aili,Paas,Aili Paas
3026.0,184,2,597.6500000000001,3,2,2,7,New Customers,"Onboarding, welcome-sari",Kersti,Kaalep,Kersti Kaalep
3027.0,84,1,420.72,4,1,2,7,New Customers,"Onboarding, welcome-sari",Sander,Mägi,Sander Mägi
3028.0,256,2,122.81,2,2,1,5,At Risk,"Win-back kampaania, personaliseeritud e-mail",Sander,Vaher,Sander Vaher
3030.0,118,2,1153.6499999999999,4,2,4,10,Regular Customers,Cross-sell kampaaniad,Pille,Tammik,Pille Tammik
3032.0,722,1,205.89,1,1,1,3,Lost,Viimane taasaktiveerimise pakkumine,Urmas,Tammik,Urmas Tammik
3033.0,125,5,1177.32,4,5,4,13,VIP Champions,"Early access, VIP sooduskoodid",Anna,Järv,Anna Järv
3034.0,127,5,1779.09,3,5,5,13,VIP Champions,"Early access, VIP sooduskoodid",Sigrid,Puusepp,Sigrid Puusepp
3035.0,2,6,3185.2,5,5,5,15,VIP Champions,"Early access, VIP sooduskoodid",Grete,Tamm,Grete Tamm
3036.0,15,3,471.63,5,3,2,10,Regular Customers,Cross-sell kampaaniad,Jaak,Veski,Jaak Veski
3038.0,200,4,437.58,3,4,2,9,Regular Customers,Cross-sell kampaaniad,Kristi,Must,Kristi Must
3039.0,16,1,77.78,5,1,1,7,New Customers,"Onboarding, welcome-sari",Marika,Kask,Marika Kask
3041.0,255,7,1750.51,2,5,5,12,Loyal Customers,"Lojaalsusprogramm, preemiad",Urmas,Raid,Urmas Raid
3043.0,68,3,661.73,4,3,3,10,Regular Customers,Cross-sell kampaaniad,Hille,Raid,Hille Raid
3044.0,300,5,1564.31,2,5,5,12,Loyal Customers,"Lojaalsusprogramm, preemiad",Marit,Pihl,Marit Pihl
3045.0,572,3,667.03,1,3,3,7,New Customers,"Onboarding, welcome-sari",Indrek,Rand,Indrek Rand
3046.0,71,6,2380.65,4,5,5,14,VIP Champions,"Early access, VIP sooduskoodid",Meelis,Põld,Meelis Põld
3047.0,187,3,1122.68,3,3,4,10,Regular Customers,Cross-sell kampaaniad,Meelis,Kuusik,Meelis Kuusik
3048.0,108,6,2558.87,4,5,5,14,VIP Champions,"Early access, VIP sooduskoodid",Liina,Org,Liina Org
3049.0,308,2,852.1700000000001,2,2,3,7,New Customers,"Onboarding, welcome-sari",Grete,Salu,Grete Salu
3050.0,49,4,975.28,5,4,4,13,VIP Champions,"Early access, VIP sooduskoodid",Heli,Hurt,Heli Hurt
3052.0,26,2,366.04999999999995,5,2,2,9,Regular Customers,Cross-sell kampaaniad,Piret,Talvik,Piret Talvik
3053.0,208,4,749.6800000000001,3,4,3,10,Regular Customers,Cross-sell kampaaniad,Terje,Roots,Terje Roots
3055.0,37,3,817.76,5,3,3,11,Loyal Customers,"Lojaalsusprogramm, preemiad",Margus,Arro,Margus Arro
3056.0,130,1,536.3,3,1,2,6,At Risk,"Win-back kampaania, personaliseeritud e-mail",Nele,Orav,Nele Orav
3057.0,377,6,2601.69,1,5,5,11,Loyal Customers,"Lojaalsusprogramm, preemiad",Priit,Lõoke,Priit Lõoke
3058.0,340,3,1758.18,1,3,5,9,Regular Customers,Cross-sell kampaaniad,Triin,Kaalep,Triin Kaalep
3059.0,5,1,51.58,5,1,1,7,New Customers,"Onboarding, welcome-sari",Jaak,Tammik,Jaak Tammik
3061.0,29,2,369.31000000000006,5,2,2,9,Regular Customers,Cross-sell kampaaniad,Ülle,Paju,Ülle Paju
3062.0,123,5,1181.5900000000001,4,5,4,13,VIP Champions,"Early access, VIP sooduskoodid",Ragnar,Kuusik,Ragnar Kuusik
3063.0,64,3,896.46,4,3,3,10,Regular Customers,Cross-sell kampaaniad,Ants,Salu,Ants Salu
3064.0,59,3,411.44,5,3,2,10,Regular Customers,Cross-sell kampaaniad,Urmas,Värk,Urmas Värk
3065.0,67,2,562.43,4,2,2,8,New Customers,"Onboarding, welcome-sari",Andres,Rebane,Andres Rebane
3066.0,22,2,1336.1,5,2,4,11,Loyal Customers,"Lojaalsusprogramm, preemiad",Tiit,Põld,Tiit Põld
3067.0,120,3,821.5899999999999,4,3,3,10,Regular Customers,Cross-sell kampaaniad,Heino,Puusepp,Heino Puusepp
3068.0,104,4,718.13,4,4,3,11,Loyal Customers,"Lojaalsusprogramm, preemiad",Jüri,Kukk,Jüri Kukk
3069.0,32,5,1339.74,5,5,4,14,VIP Champions,"Early access, VIP sooduskoodid",Maie,Aas,Maie Aas
3070.0,27,3,613.52,5,3,3,11,Loyal Customers,"Lojaalsusprogramm, preemiad",Maie,Koppel,Maie Koppel
3071.0,6,3,1443.91,5,3,5,13,VIP Champions,"Early access, VIP sooduskoodid",Maris,Toom,Maris Toom
3072.0,359,3,1864.32,1,3,5,9,Regular Customers,Cross-sell kampaaniad,Erkki,Lepik,Erkki Lepik
3073.0,133,2,508.98,3,2,2,7,New Customers,"Onboarding, welcome-sari",Kristiina,Kuusk,Kristiina Kuusk
3074.0,80,4,1813.5700000000002,4,4,5,13,VIP Champions,"Early access, VIP sooduskoodid",Piret,Roots,Piret Roots
3075.0,11,1,145.16,5,1,1,7,New Customers,"Onboarding, welcome-sari",Triin,Toom,Triin Toom
3076.0,63,5,1837.7999999999997,4,5,5,14,VIP Champions,"Early access, VIP sooduskoodid",Jüri,Kuusk,Jüri Kuusk
3077.0,53,5,1516.87,5,5,5,15,VIP Champions,"Early access, VIP sooduskoodid",Kadri,Sild,Kadri Sild
3079.0,107,1,200.77,4,1,1,6,At Risk,"Win-back kampaania, personaliseeritud e-mail",Jüri,Talvik,Jüri Talvik
3080.0,396,3,799.3499999999999,1,3,3,7,New Customers,"Onboarding, welcome-sari",Marika,Paas,Marika Paas
3081.0,202,6,910.91,3,5,3,11,Loyal Customers,"Lojaalsusprogramm, preemiad",Kristiina,Oja,Kristiina Oja
3082.0,226,3,1497.6399999999999,2,3,5,10,Regular Customers,Cross-sell kampaaniad,Sander,Kangur,Sander Kangur
3083.0,286,2,656.76,2,2,3,7,New Customers,"Onboarding, welcome-sari",Liis,Männik,Liis Männik
3084.0,215,2,922.02,2,2,3,7,New Customers,"Onboarding, welcome-sari",Margus,Paas,Margus Paas
3085.0,440,5,1178.58,1,5,4,10,Regular Customers,Cross-sell kampaaniad,Liina,Tamm,Liina Tamm
3089.0,274,1,160.21,2,1,1,4,Lost,Viimane taasaktiveerimise pakkumine,Kersti,Raid,Kersti Raid
3090.0,200,2,332.69,3,2,2,7,New Customers,"Onboarding, welcome-sari",Raivo,Kuusk,Raivo Kuusk
3091.0,10,1,209.7,5,1,1,7,New Customers,"Onboarding, welcome-sari",Marika,Kuusik,Marika Kuusik
3093.0,657,1,153.62,1,1,1,3,Lost,Viimane taasaktiveerimise pakkumine,Nele,Kask,Nele Kask
3094.0,440,2,844.0799999999999,1,2,3,6,At Risk,"Win-back kampaania, personaliseeritud e-mail",Reet,Lõhmus,Reet Lõhmus
3095.0,268,1,281.28,2,1,1,4,Lost,Viimane taasaktiveerimise pakkumine,Terje,Nurk,Terje Nurk
3096.0,122,5,1557.57,4,5,5,14,VIP Champions,"Early access, VIP sooduskoodid",Karin,Rand,Karin Rand
3098.0,60,2,889.5600000000001,5,2,3,10,Regular Customers,Cross-sell kampaaniad,Ragnar,Tamm,Ragnar Tamm
3099.0,357,4,829.18,1,4,3,8,New Customers,"Onboarding, welcome-sari",Jüri,Kõiv,Jüri Kõiv
3100.0,502,2,364.24,1,2,2,5,At Risk,"Win-back kampaania, personaliseeritud e-mail",Kaido,Mitt,Kaido Mitt
3101.0,69,1,332.54,4,1,2,7,New Customers,"Onboarding, welcome-sari",Jüri,Liiv,Jüri Liiv
3103.0,195,7,1606.22,3,5,5,13,VIP Champions,"Early access, VIP sooduskoodid",Merle,Põld,Merle Põld
3106.0,323,3,680.26,2,3,3,8,New Customers,"Onboarding, welcome-sari",Margus,Veski,Margus Veski
3107.0,291,3,1468.1799999999998,2,3,5,10,Regular Customers,Cross-sell kampaaniad,Laura,Mets,Laura Mets
3108.0,155,5,878.8199999999999,3,5,3,11,Loyal Customers,"Lojaalsusprogramm, preemiad",Piret,Kaalep,Piret Kaalep
3109.0,181,3,699.16,3,3,3,9,Regular Customers,Cross-sell kampaaniad,Ülle,Lass,Ülle Lass
3110.0,305,4,677.78,2,4,3,9,Regular Customers,Cross-sell kampaaniad,Aivar,Raud,Aivar Raud
3111.0,148,4,1033.76,3,4,4,11,Loyal Customers,"Lojaalsusprogramm, preemiad",Aivar,Rosin,Aivar Rosin
3112.0,89,6,1905.14,4,5,5,14,VIP Champions,"Early access, VIP sooduskoodid",Ragnar,Raid,Ragnar Raid
3113.0,209,2,664.51,2,2,3,7,New Customers,"Onboarding, welcome-sari",Merle,Saar,Merle Saar
3114.0,399,3,879.0799999999999,1,3,3,7,New Customers,"Onboarding, welcome-sari",Maris,Orav,Maris Orav
3115.0,184,2,894.25,3,2,3,8,New Customers,"Onboarding, welcome-sari",Ülle,Org,Ülle Org
3116.0,241,1,756.99,2,1,3,6,At Risk,"Win-back kampaania, personaliseeritud e-mail",Tõnu,Paju,Tõnu Paju
3118.0,133,5,1597.23,3,5,5,13,VIP Champions,"Early access, VIP sooduskoodid",Siim,Toom,Siim Toom
3119.0,197,7,2317.38,3,5,5,13,VIP Champions,"Early access, VIP sooduskoodid",Kristjan,Ilves,Kristjan Ilves
3120.0,14,1,116.1,5,1,1,7,New Customers,"Onboarding, welcome-sari",Külli,Kallas,Külli Kallas
3121.0,641,1,210.18,1,1,1,3,Lost,Viimane taasaktiveerimise pakkumine,Triin,Kuusik,Triin Kuusik
3122.0,316,2,963.02,2,2,4,8,New Customers,"Onboarding, welcome-sari",Rain,Lõhmus,Rain Lõhmus
3123.0,192,4,577.3900000000001,3,4,2,9,Regular Customers,Cross-sell kampaaniad,Külli,Koppel,Külli Koppel
3125.0,53,6,1053.59,5,5,4,14,VIP Champions,"Early access, VIP sooduskoodid",Piret,Saar,Piret Saar
3126.0,88,2,381.57,4,2,2,8,New Customers,"Onboarding, welcome-sari",Ülle,Raud,Ülle Raud
3127.0,258,5,1939.28,2,5,5,12,Loyal Customers,"Lojaalsusprogramm, preemiad",Piret,Oja,Piret Oja
3128.0,21,6,1094.94,5,5,4,14,VIP Champions,"Early access, VIP sooduskoodid",Kristjan,Paas,Kristjan Paas
3129.0,174,1,101.26,3,1,1,5,At Risk,"Win-back kampaania, personaliseeritud e-mail",Kalev,Teder,Kalev Teder
3130.0,216,5,650.35,2,5,3,10,Regular Customers,Cross-sell kampaaniad,Rasmus,Kull,Rasmus Kull
3131.0,68,3,679.95,4,3,3,10,Regular Customers,Cross-sell kampaaniad,Maris,Nurk,Maris Nurk
3132.0,115,4,1126.1599999999999,4,4,4,12,Loyal Customers,"Lojaalsusprogramm, preemiad",Kadri,Talvik,Kadri Talvik
3133.0,417,6,1212.02,1,5,4,10,Regular Customers,Cross-sell kampaaniad,Ragnar,Lill,Ragnar Lill
3134.0,95,4,696.94,4,4,3,11,Loyal Customers,"Lojaalsusprogramm, preemiad",Sandra,Kukk,Sandra Kukk
3135.0,395,2,426.44,1,2,2,5,At Risk,"Win-back kampaania, personaliseeritud e-mail",Raivo,Org,Raivo Org
3136.0,345,5,1938.3200000000002,1,5,5,11,Loyal Customers,"Lojaalsusprogramm, preemiad",Meelis,Lass,Meelis Lass
3137.0,90,2,888.49,4,2,3,9,Regular Customers,Cross-sell kampaaniad,Aivar,Järv,Aivar Järv
3138.0,144,4,675.25,3,4,3,10,Regular Customers,Cross-sell kampaaniad,Meelis,Tamm,Meelis Tamm
3139.0,129,1,138.9,3,1,1,5,At Risk,"Win-back kampaania, personaliseeritud e-mail",Reet,Rebane,Reet Rebane
3140.0,525,2,337.79,1,2,2,5,At Risk,"Win-back kampaania, personaliseeritud e-mail",Urmas,Männik,Urmas Männik
3142.0,593,1,276.26,1,1,1,3,Lost,Viimane taasaktiveerimise pakkumine,Mihkel,Raid,Mihkel Raid
3143.0,43,2,184.81,5,2,1,8,New Customers,"Onboarding, welcome-sari",Sirje,Aas,Sirje Aas
3144.0,28,2,532.12,5,2,2,9,Regular Customers,Cross-sell kampaaniad,Väino,Kallas,Väino Kallas
3145.0,693,1,737.94,1,1,3,5,At Risk,"Win-back kampaania, personaliseeritud e-mail",Madis,Raid,Madis Raid
3146.0,117,5,1485.01,4,5,5,14,VIP Champions,"Early access, VIP sooduskoodid",Raivo,Kõiv,Raivo Kõiv
3147.0,476,2,354.71000000000004,1,2,2,5,At Risk,"Win-back kampaania, personaliseeritud e-mail",Lea,Mets,Lea Mets
3150.0,52,2,967.83,5,2,4,11,Loyal Customers,"Lojaalsusprogramm, preemiad",Aili,Vaher,Aili Vaher
3151.0,6,3,1082.3000000000002,5,3,4,12,Loyal Customers,"Lojaalsusprogramm, preemiad",Tiina,Must,Tiina Must
3152.0,436,2,695.94,1,2,3,6,At Risk,"Win-back kampaania, personaliseeritud e-mail",Toomas,Saar,Toomas Saar
3153.0,432,2,385.96000000000004,1,2,2,5,At Risk,"Win-back kampaania, personaliseeritud e-mail",Madis,Männik,Madis Männik
3154.0,88,5,994.21,4,5,4,13,VIP Champions,"Early access, VIP sooduskoodid",Külli,Kivi,Külli Kivi
3156.0,164,1,377.82,3,1,2,6,At Risk,"Win-back kampaania, personaliseeritud e-mail",Taavi,Hurt,Taavi Hurt
3158.0,99,2,481.90999999999997,4,2,2,8,New Customers,"Onboarding, welcome-sari",Henri,Veski,Henri Veski
3159.0,49,5,578.7,5,5,2,12,Loyal Customers,"Lojaalsusprogramm, preemiad",Ene,Tamm,Ene Tamm
3160.0,257,4,1472.5900000000001,2,4,5,11,Loyal Customers,"Lojaalsusprogramm, preemiad",Annika,Lepp,Annika Lepp
3161.0,451,1,80.39,1,1,1,3,Lost,Viimane taasaktiveerimise pakkumine,Ülle,Koppel,Ülle Koppel
3163.0,20,5,1752.62,5,5,5,15,VIP Champions,"Early access, VIP sooduskoodid",Maie,Mitt,Maie Mitt
3164.0,259,4,1437.18,2,4,5,11,Loyal Customers,"Lojaalsusprogramm, preemiad",Kati,Org,Kati Org
3165.0,93,6,2108.35,4,5,5,14,VIP Champions,"Early access, VIP sooduskoodid",Rasmus,Arro,Rasmus Arro
3166.0,190,6,2859.4500000000003,3,5,5,13,VIP Champions,"Early access, VIP sooduskoodid",Terje,Lill,Terje Lill
3167.0,11,2,297.86,5,2,1,8,New Customers,"Onboarding, welcome-sari",Ago,Kõiv,Ago Kõiv
3168.0,139,1,70.01,3,1,1,5,At Risk,"Win-back kampaania, personaliseeritud e-mail",Merike,Lass,Merike Lass
3169.0,80,1,231.13,4,1,1,6,At Risk,"Win-back kampaania, personaliseeritud e-mail",Katrin,Liiv,Katrin Liiv
3170.0,483,2,366.60999999999996,1,2,2,5,At Risk,"Win-back kampaania, personaliseeritud e-mail",Eha,Puusepp,Eha Puusepp
3171.0,106,2,571.41,4,2,2,8,New Customers,"Onboarding, welcome-sari",Triin,Valk,Triin Valk
3172.0,181,3,908.8499999999999,3,3,3,9,Regular Customers,Cross-sell kampaaniad,Karin,Paas,Karin Paas
3173.0,199,1,190.86,3,1,1,5,At Risk,"Win-back kampaania, personaliseeritud e-mail",Erkki,Mets,Erkki Mets
3174.0,224,1,138.13,2,1,1,4,Lost,Viimane taasaktiveerimise pakkumine,Riina,Lepp,Riina Lepp
3177.0,225,4,1028.18,2,4,4,10,Regular Customers,Cross-sell kampaaniad,Rasmus,Kallas,Rasmus Kallas
3178.0,707,1,95.87,1,1,1,3,Lost,Viimane taasaktiveerimise pakkumine,Taavi,Värk,Taavi Värk
3179.0,219,2,760.46,2,2,3,7,New Customers,"Onboarding, welcome-sari",Aivar,Lill,Aivar Lill
3180.0,155,3,368.2,3,3,2,8,New Customers,"Onboarding, welcome-sari",Liis,Lepp,Liis Lepp
3182.0,172,3,951.3600000000001,3,3,4,10,Regular Customers,Cross-sell kampaaniad,Marko,Lass,Marko Lass
3183.0,175,3,1119.83,3,3,4,10,Regular Customers,Cross-sell kampaaniad,Meelis,Kaalep,Meelis Kaalep
3184.0,497,2,1490.94,1,2,5,8,New Customers,"Onboarding, welcome-sari",Kati,Sepp,Kati Sepp
3185.0,184,4,1475.3899999999999,3,4,5,12,Loyal Customers,"Lojaalsusprogramm, preemiad",Kati,Rebane,Kati Rebane
3186.0,188,2,898.37,3,2,3,8,New Customers,"Onboarding, welcome-sari",Urmas,Värk,Urmas Värk
3187.0,510,1,218.84,1,1,1,3,Lost,Viimane taasaktiveerimise pakkumine,Ago,Roots,Ago Roots
3189.0,14,2,721.5799999999999,5,2,3,10,Regular Customers,Cross-sell kampaaniad,Ago,Kuusk,Ago Kuusk
3190.0,35,1,402.62,5,1,2,8,New Customers,"Onboarding, welcome-sari",Liina,Sepp,Liina Sepp
3192.0,204,3,812.3199999999999,3,3,3,9,Regular Customers,Cross-sell kampaaniad,Sigrid,Kuusik,Sigrid Kuusik
3194.0,45,4,1307.63,5,4,4,13,VIP Champions,"Early access, VIP sooduskoodid",Kadri,Mets,Kadri Mets
3196.0,595,1,234.79,1,1,1,3,Lost,Viimane taasaktiveerimise pakkumine,Nele,Lass,Nele Lass
3197.0,261,7,1776.78,2,5,5,12,Loyal Customers,"Lojaalsusprogramm, preemiad",Sander,Lill,Sander Lill
3198.0,169,3,722.29,3,3,3,9,Regular Customers,Cross-sell kampaaniad,Hille,Järv,Hille Järv
3199.0,40,2,430.22999999999996,5,2,2,9,Regular Customers,Cross-sell kampaaniad,Indrek,Aas,Indrek Aas
3200.0,75,3,1302.62,4,3,4,11,Loyal Customers,"Lojaalsusprogramm, preemiad",Olev,Pihl,Olev Pihl
3201.0,281,5,1607.8899999999999,2,5,5,12,Loyal Customers,"Lojaalsusprogramm, preemiad",Ago,Kukk,Ago Kukk
3202.0,127,1,420.72,3,1,2,6,At Risk,"Win-back kampaania, personaliseeritud e-mail",Indrek,Värk,Indrek Värk
3203.0,349,3,970.74,1,3,4,8,New Customers,"Onboarding, welcome-sari",Raivo,Paju,Raivo Paju
3204.0,84,4,1300.22,4,4,4,12,Loyal Customers,"Lojaalsusprogramm, preemiad",Urmas,Kangur,Urmas Kangur
3205.0,115,1,276.2,4,1,1,6,At Risk,"Win-back kampaania, personaliseeritud e-mail",Katrin,Kallas,Katrin Kallas
3206.0,161,5,3427.36,3,5,5,13,VIP Champions,"Early access, VIP sooduskoodid",Indrek,Laas,Indrek Laas
3207.0,371,2,265.98,1,2,1,4,Lost,Viimane taasaktiveerimise pakkumine,Kevin,Kangur,Kevin Kangur
3208.0,182,3,473.48,3,3,2,8,New Customers,"Onboarding, welcome-sari",Urmas,Pärn,Urmas Pärn
3210.0,85,3,885.42,4,3,3,10,Regular Customers,Cross-sell kampaaniad,Sandra,Org,Sandra Org
3211.0,223,1,434.08,2,1,2,5,At Risk,"Win-back kampaania, personaliseeritud e-mail",Anu,Lepp,Anu Lepp
3212.0,136,4,616.85,3,4,3,10,Regular Customers,Cross-sell kampaaniad,Kadri,Aas,Kadri Aas
3213.0,339,3,683.8,1,3,3,7,New Customers,"Onboarding, welcome-sari",Elis,Kivi,Elis Kivi
3214.0,87,5,1156.1,4,5,4,13,VIP Champions,"Early access, VIP sooduskoodid",Heli,Lõoke,Heli Lõoke
3217.0,320,1,327.07,2,1,1,4,Lost,Viimane taasaktiveerimise pakkumine,Meelis,Männik,Meelis Männik
3218.0,7,3,699.99,5,3,3,11,Loyal Customers,"Lojaalsusprogramm, preemiad",Eha,Raid,Eha Raid
3219.0,309,1,431.16,2,1,2,5,At Risk,"Win-back kampaania, personaliseeritud e-mail",Kalev,Raud,Kalev Raud
3221.0,222,2,104.35,2,2,1,5,At Risk,"Win-back kampaania, personaliseeritud e-mail",Marko,Oja,Marko Oja
3222.0,63,2,1088.2,4,2,4,10,Regular Customers,Cross-sell kampaaniad,Olev,Paju,Olev Paju
3223.0,241,2,563.99,2,2,2,6,At Risk,"Win-back kampaania, personaliseeritud e-mail",Nele,Teder,Nele Teder
3224.0,329,1,215.58,2,1,1,4,Lost,Viimane taasaktiveerimise pakkumine,Hille,Paas,Hille Paas
3225.0,150,3,1064.95,3,3,4,10,Regular Customers,Cross-sell kampaaniad,Maris,Raid,Maris Raid
3226.0,22,3,364.41,5,3,2,10,Regular Customers,Cross-sell kampaaniad,Grete,Koppel,Grete Koppel
3227.0,9,7,1768.32,5,5,5,15,VIP Champions,"Early access, VIP sooduskoodid",Rein,Roots,Rein Roots
3228.0,41,5,2581.17,5,5,5,15,VIP Champions,"Early access, VIP sooduskoodid",Liis,Kask,Liis Kask
3229.0,0,4,793.86,5,4,3,12,Loyal Customers,"Lojaalsusprogramm, preemiad",Merike,Sild,Merike Sild
3230.0,174,5,1380.38,3,5,4,12,Loyal Customers,"Lojaalsusprogramm, preemiad",Kersti,Orav,Kersti Orav
3231.0,161,2,1202.74,3,2,4,9,Regular Customers,Cross-sell kampaaniad,Merike,Pihl,Merike Pihl
3232.0,113,6,1311.62,4,5,4,13,VIP Champions,"Early access, VIP sooduskoodid",Merle,Vaher,Merle Vaher
3233.0,4,6,1031.4099999999999,5,5,4,14,VIP Champions,"Early access, VIP sooduskoodid",Marika,Lepp,Marika Lepp
3234.0,15,4,630.11,5,4,3,12,Loyal Customers,"Lojaalsusprogramm, preemiad",Aili,Kangur,Aili Kangur
3235.0,140,4,2142.65,3,4,5,12,Loyal Customers,"Lojaalsusprogramm, preemiad",Madis,Liiv,Madis Liiv
3236.0,581,3,373.79,1,3,2,6,At Risk,"Win-back kampaania, personaliseeritud e-mail",Margus,Puusepp,Margus Puusepp
3237.0,183,4,917.83,3,4,3,10,Regular Customers,Cross-sell kampaaniad,Elis,Tamm,Elis Tamm
3238.0,117,2,559.08,4,2,2,8,New Customers,"Onboarding, welcome-sari",Hille,Kuusk,Hille Kuusk
3239.0,313,2,888.68,2,2,3,7,New Customers,"Onboarding, welcome-sari",Annika,Lõhmus,Annika Lõhmus
3240.0,2,7,2364.86,5,5,5,15,VIP Champions,"Early access, VIP sooduskoodid",Tõnu,Arro,Tõnu Arro
3241.0,163,3,527.05,3,3,2,8,New Customers,"Onboarding, welcome-sari",Marko,Tamm,Marko Tamm
3242.0,12,7,2050.61,5,5,5,15,VIP Champions,"Early access, VIP sooduskoodid",Sander,Toom,Sander Toom
3243.0,211,2,383.87,2,2,2,6,At Risk,"Win-back kampaania, personaliseeritud e-mail",Riina,Pärn,Riina Pärn
3244.0,479,1,205.89,1,1,1,3,Lost,Viimane taasaktiveerimise pakkumine,Ülle,Valk,Ülle Valk
3246.0,73,5,819.15,4,5,3,12,Loyal Customers,"Lojaalsusprogramm, preemiad",Ene,Kallas,Ene Kallas
3247.0,455,3,1997.6100000000001,1,3,5,9,Regular Customers,Cross-sell kampaaniad,Toomas,Sild,Toomas Sild
3248.0,530,3,958.16,1,3,4,8,New Customers,"Onboarding, welcome-sari",Külli,Toom,Külli Toom
3249.0,28,5,1946.02,5,5,5,15,VIP Champions,"Early access, VIP sooduskoodid",Kristjan,Tamm,Kristjan Tamm
3250.0,234,2,342.68,2,2,2,6,At Risk,"Win-back kampaania, personaliseeritud e-mail",Grete,Raid,Grete Raid
3251.0,140,3,593.34,3,3,2,8,New Customers,"Onboarding, welcome-sari",Urmas,Kukk,Urmas Kukk
3252.0,84,3,1306.6100000000001,4,3,4,11,Loyal Customers,"Lojaalsusprogramm, preemiad",Enn,Lõhmus,Enn Lõhmus
3253.0,38,3,1159.83,5,3,4,12,Loyal Customers,"Lojaalsusprogramm, preemiad",Kadri,Koppel,Kadri Koppel
3254.0,35,2,579.8,5,2,2,9,Regular Customers,Cross-sell kampaaniad,Eha,Järv,Eha Järv
3255.0,443,1,106.69,1,1,1,3,Lost,Viimane taasaktiveerimise pakkumine,Triin,Veski,Triin Veski
3257.0,45,2,405.62,5,2,2,9,Regular Customers,Cross-sell kampaaniad,Aivar,Kivi,Aivar Kivi
3258.0,55,5,1258.45,5,5,4,14,VIP Champions,"Early access, VIP sooduskoodid",Peeter,Lepp,Peeter Lepp
3260.0,277,2,411.47,2,2,2,6,At Risk,"Win-back kampaania, personaliseeritud e-mail",Katrin,Kaalep,Katrin Kaalep
3261.0,32,3,988.88,5,3,4,12,Loyal Customers,"Lojaalsusprogramm, preemiad",Kristjan,Paas,Kristjan Paas
3262.0,267,2,1332.42,2,2,4,8,New Customers,"Onboarding, welcome-sari",Tarmo,Org,Tarmo Org
3263.0,353,2,1212.77,1,2,4,7,New Customers,"Onboarding, welcome-sari",Tõnu,Valk,Tõnu Valk
3264.0,498,1,163.64,1,1,1,3,Lost,Viimane taasaktiveerimise pakkumine,Meelis,Toom,Meelis Toom
3265.0,126,2,535.47,3,2,2,7,New Customers,"Onboarding, welcome-sari",Aivar,Kuusik,Aivar Kuusik
3266.0,324,1,706.6,2,1,3,6,At Risk,"Win-back kampaania, personaliseeritud e-mail",Liina,Kuusk,Liina Kuusk
3267.0,167,2,617.28,3,2,3,8,New Customers,"Onboarding, welcome-sari",Kaido,Rosin,Kaido Rosin
3268.0,288,7,1800.03,2,5,5,12,Loyal Customers,"Lojaalsusprogramm, preemiad",Rain,Puusepp,Rain Puusepp
3269.0,19,2,431.53999999999996,5,2,2,9,Regular Customers,Cross-sell kampaaniad,Hille,Luik,Hille Luik
3270.0,118,3,1385.83,4,3,4,11,Loyal Customers,"Lojaalsusprogramm, preemiad",Mart,Oja,Mart Oja
3271.0,338,3,699.21,1,3,3,7,New Customers,"Onboarding, welcome-sari",Aivar,Järv,Aivar Järv
3273.0,62,3,1680.9299999999998,4,3,5,12,Loyal Customers,"Lojaalsusprogramm, preemiad",Maie,Mägi,Maie Mägi
3275.0,333,4,2133.3900000000003,2,4,5,11,Loyal Customers,"Lojaalsusprogramm, preemiad",Kadri,Männik,Kadri Männik
3278.0,452,1,153.4,1,1,1,3,Lost,Viimane taasaktiveerimise pakkumine,Rein,Koppel,Rein Koppel
3279.0,208,3,757.74,3,3,3,9,Regular Customers,Cross-sell kampaaniad,Sandra,Sepp,Sandra Sepp
3280.0,97,6,1766.0,4,5,5,14,VIP Champions,"Early access, VIP sooduskoodid",Kristjan,Lõhmus,Kristjan Lõhmus
3281.0,183,1,48.85,3,1,1,5,At Risk,"Win-back kampaania, personaliseeritud e-mail",Tarmo,Luik,Tarmo Luik
3282.0,66,3,940.87,4,3,4,11,Loyal Customers,"Lojaalsusprogramm, preemiad",Annika,Lill,Annika Lill
3283.0,111,5,1025.0900000000001,4,5,4,13,VIP Champions,"Early access, VIP sooduskoodid",Laura,Sild,Laura Sild
3284.0,96,3,1005.3299999999999,4,3,4,11,Loyal Customers,"Lojaalsusprogramm, preemiad",Kristiina,Ilves,Kristiina Ilves
3285.0,21,4,828.2800000000001,5,4,3,12,Loyal Customers,"Lojaalsusprogramm, preemiad",Rain,Lepik,Rain Lepik
3286.0,68,2,217.36,4,2,1,7,New Customers,"Onboarding, welcome-sari",Kristi,Kuusk,Kristi Kuusk
3287.0,263,3,1361.59,2,3,4,9,Regular Customers,Cross-sell kampaaniad,Tarmo,Kõiv,Tarmo Kõiv
3288.0,445,2,387.83000000000004,1,2,2,5,At Risk,"Win-back kampaania, personaliseeritud e-mail",Margus,Luik,Margus Luik
3289.0,85,2,1166.6699999999998,4,2,4,10,Regular Customers,Cross-sell kampaaniad,Tiit,Arro,Tiit Arro
3290.0,430,1,495.28,1,1,2,4,Lost,Viimane taasaktiveerimise pakkumine,Aivar,Rebane,Aivar Rebane
3291.0,282,4,1196.89,2,4,4,10,Regular Customers,Cross-sell kampaaniad,Marko,Tamm,Marko Tamm
3292.0,109,3,1618.98,4,3,5,12,Loyal Customers,"Lojaalsusprogramm, preemiad",Heli,Lepp,Heli Lepp
3293.0,72,3,408.32000000000005,4,3,2,9,Regular Customers,Cross-sell kampaaniad,Peeter,Veski,Peeter Veski
3296.0,254,3,988.51,2,3,4,9,Regular Customers,Cross-sell kampaaniad,Toomas,Laas,Toomas Laas
3297.0,318,5,1414.81,2,5,5,12,Loyal Customers,"Lojaalsusprogramm, preemiad",Elis,Lõhmus,Elis Lõhmus
3298.0,233,3,924.58,2,3,3,8,New Customers,"Onboarding, welcome-sari",Maris,Mägi,Maris Mägi
3299.0,513,1,171.33,1,1,1,3,Lost,Viimane taasaktiveerimise pakkumine,Lauri,Ilves,Lauri Ilves
3300.0,6,3,1156.05,5,3,4,12,Loyal Customers,"Lojaalsusprogramm, preemiad",Arvo,Kuusik,Arvo Kuusik
3301.0,30,1,151.08,5,1,1,7,New Customers,"Onboarding, welcome-sari",Heli,Rosin,Heli Rosin
3302.0,25,6,2567.91,5,5,5,15,VIP Champions,"Early access, VIP sooduskoodid",Siim,Toom,Siim Toom
3304.0,6,1,321.42,5,1,1,7,New Customers,"Onboarding, welcome-sari",Arvo,Pihl,Arvo Pihl
3305.0,235,7,2502.82,2,5,5,12,Loyal Customers,"Lojaalsusprogramm, preemiad",Urmas,Raid,Urmas Raid
3306.0,293,1,260.0,2,1,1,4,Lost,Viimane taasaktiveerimise pakkumine,Rein,Teder,Rein Teder
3308.0,651,2,108.18,1,2,1,4,Lost,Viimane taasaktiveerimise pakkumine,Tarmo,Kaalep,Tarmo Kaalep
3309.0,233,4,940.05,2,4,4,10,Regular Customers,Cross-sell kampaaniad,Merike,Org,Merike Org
3311.0,53,3,569.36,5,3,2,10,Regular Customers,Cross-sell kampaaniad,Väino,Rebane,Väino Rebane
3312.0,300,5,1043.67,2,5,4,11,Loyal Customers,"Lojaalsusprogramm, preemiad",Triin,Lill,Triin Lill
3313.0,225,1,138.9,2,1,1,4,Lost,Viimane taasaktiveerimise pakkumine,Pille,Talvik,Pille Talvik
3314.0,87,3,1241.13,4,3,4,11,Loyal Customers,"Lojaalsusprogramm, preemiad",Tõnu,Kallas,Tõnu Kallas
3315.0,310,2,617.62,2,2,3,7,New Customers,"Onboarding, welcome-sari",Kaido,Tammik,Kaido Tammik
3316.0,283,3,685.79,2,3,3,8,New Customers,"Onboarding, welcome-sari",Maie,Laas,Maie Laas
3317.0,286,2,315.8,2,2,1,5,At Risk,"Win-back kampaania, personaliseeritud e-mail",Tiit,Mets,Tiit Mets
3319.0,132,1,432.36,3,1,2,6,At Risk,"Win-back kampaania, personaliseeritud e-mail",Kalev,Orav,Kalev Orav
3320.0,306,3,641.6500000000001,2,3,3,8,New Customers,"Onboarding, welcome-sari",Madis,Paas,Madis Paas
3321.0,26,3,1037.3799999999999,5,3,4,12,Loyal Customers,"Lojaalsusprogramm, preemiad",Tõnu,Paas,Tõnu Paas
3322.0,297,3,905.6800000000001,2,3,3,8,New Customers,"Onboarding, welcome-sari",Urmas,Lass,Urmas Lass
3324.0,17,2,366.84000000000003,5,2,2,9,Regular Customers,Cross-sell kampaaniad,Margus,Raud,Margus Raud
3325.0,138,3,697.48,3,3,3,9,Regular Customers,Cross-sell kampaaniad,Henri,Orav,Henri Orav
3326.0,160,2,329.28,3,2,1,6,At Risk,"Win-back kampaania, personaliseeritud e-mail",Kristjan,Nurk,Kristjan Nurk
3327.0,172,4,1452.9,3,4,5,12,Loyal Customers,"Lojaalsusprogramm, preemiad",Karin,Nurk,Karin Nurk
3328.0,168,2,918.5,3,2,3,8,New Customers,"Onboarding, welcome-sari",Mihkel,Lõoke,Mihkel Lõoke
3329.0,55,4,754.06,5,4,3,12,Loyal Customers,"Lojaalsusprogramm, preemiad",Kalev,Arro,Kalev Arro
3330.0,135,4,688.28,3,4,3,10,Regular Customers,Cross-sell kampaaniad,Eha,Värk,Eha Värk
3332.0,48,5,1439.6299999999999,5,5,5,15,VIP Champions,"Early access, VIP sooduskoodid",Kadri,Kuusk,Kadri Kuusk
3334.0,46,2,987.75,5,2,4,11,Loyal Customers,"Lojaalsusprogramm, preemiad",Reet,Oja,Reet Oja
3336.0,444,3,562.58,1,3,2,6,At Risk,"Win-back kampaania, personaliseeritud e-mail",Andres,Paas,Andres Paas
3337.0,82,3,750.28,4,3,3,10,Regular Customers,Cross-sell kampaaniad,Laura,Lõoke,Laura Lõoke
3338.0,189,5,899.12,3,5,3,11,Loyal Customers,"Lojaalsusprogramm, preemiad",Karin,Mitt,Karin Mitt
3339.0,207,5,1313.5,3,5,4,12,Loyal Customers,"Lojaalsusprogramm, preemiad",Karin,Veski,Karin Veski
3341.0,246,1,247.52,2,1,1,4,Lost,Viimane taasaktiveerimise pakkumine,Heino,Kuusk,Heino Kuusk
3342.0,50,6,2038.1599999999999,5,5,5,15,VIP Champions,"Early access, VIP sooduskoodid",Erkki,Aas,Erkki Aas
3343.0,65,2,1362.34,4,2,4,10,Regular Customers,Cross-sell kampaaniad,Siim,Põld,Siim Põld
3345.0,16,2,257.97,5,2,1,8,New Customers,"Onboarding, welcome-sari",Arvo,Raid,Arvo Raid
3346.0,226,1,183.31,2,1,1,4,Lost,Viimane taasaktiveerimise pakkumine,Indrek,Raid,Indrek Raid
3347.0,5,1,106.69,5,1,1,7,New Customers,"Onboarding, welcome-sari",Olev,Kask,Olev Kask
3348.0,238,2,233.79,2,2,1,5,At Risk,"Win-back kampaania, personaliseeritud e-mail",Enn,Mets,Enn Mets
3349.0,44,1,204.87,5,1,1,7,New Customers,"Onboarding, welcome-sari",Marko,Oja,Marko Oja
3350.0,19,73,25142.11,5,5,5,15,VIP Champions,"Early access, VIP sooduskoodid",Priit,Rand,Priit Rand
3351.0,68,6,2124.85,4,5,5,14,VIP Champions,"Early access, VIP sooduskoodid",Eha,Kask,Eha Kask
3352.0,220,2,851.01,2,2,3,7,New Customers,"Onboarding, welcome-sari",Annika,Kukk,Annika Kukk
3353.0,192,1,214.72,3,1,1,5,At Risk,"Win-back kampaania, personaliseeritud e-mail",Sigrid,Rosin,Sigrid Rosin
3354.0,184,4,851.03,3,4,3,10,Regular Customers,Cross-sell kampaaniad,Lea,Kull,Lea Kull
3355.0,36,5,1314.56,5,5,4,14,VIP Champions,"Early access, VIP sooduskoodid",Taavi,Rebane,Taavi Rebane
3356.0,256,6,1166.13,2,5,4,11,Loyal Customers,"Lojaalsusprogramm, preemiad",Kadri,Pihl,Kadri Pihl
3357.0,75,4,745.69,4,4,3,11,Loyal Customers,"Lojaalsusprogramm, preemiad",Jüri,Toom,Jüri Toom
3358.0,65,6,1710.5700000000002,4,5,5,14,VIP Champions,"Early access, VIP sooduskoodid",Hille,Männik,Hille Männik
3359.0,277,4,758.87,2,4,3,9,Regular Customers,Cross-sell kampaaniad,Eha,Pärn,Eha Pärn
3361.0,142,6,1238.29,3,5,4,12,Loyal Customers,"Lojaalsusprogramm, preemiad",Annika,Mets,Annika Mets
3362.0,66,5,1104.57,4,5,4,13,VIP Champions,"Early access, VIP sooduskoodid",Hille,Mitt,Hille Mitt
3363.0,325,1,130.02,2,1,1,4,Lost,Viimane taasaktiveerimise pakkumine,Ene,Oja,Ene Oja
3364.0,188,1,278.59,3,1,1,5,At Risk,"Win-back kampaania, personaliseeritud e-mail",Toomas,Nõmm,Toomas Nõmm
3365.0,104,4,501.06,4,4,2,10,Regular Customers,Cross-sell kampaaniad,Olev,Teder,Olev Teder
3366.0,427,3,589.9,1,3,2,6,At Risk,"Win-back kampaania, personaliseeritud e-mail",Nele,Männik,Nele Männik
3367.0,89,2,2138.38,4,2,5,11,Loyal Customers,"Lojaalsusprogramm, preemiad",Tarmo,Paju,Tarmo Paju
3368.0,143,3,782.91,3,3,3,9,Regular Customers,Cross-sell kampaaniad,Kristiina,Tammik,Kristiina Tammik
3370.0,1,1,44.08,5,1,1,7,New Customers,"Onboarding, welcome-sari",Mihkel,Raid,Mihkel Raid
3371.0,60,5,1191.77,5,5,4,14,VIP Champions,"Early access, VIP sooduskoodid",Olev,Teder,Olev Teder
3372.0,256,2,1467.9699999999998,2,2,5,9,Regular Customers,Cross-sell kampaaniad,Väino,Rand,Väino Rand
3373.0,35,3,1566.4,5,3,5,13,VIP Champions,"Early access, VIP sooduskoodid",Marko,Kangur,Marko Kangur
3374.0,89,2,473.74,4,2,2,8,New Customers,"Onboarding, welcome-sari",Maie,Sepp,Maie Sepp
3375.0,180,2,1357.61,3,2,4,9,Regular Customers,Cross-sell kampaaniad,Kristiina,Kangur,Kristiina Kangur
3376.0,265,4,1095.65,2,4,4,10,Regular Customers,Cross-sell kampaaniad,Anna,Lepik,Anna Lepik
3377.0,280,4,448.20000000000005,2,4,2,8,New Customers,"Onboarding, welcome-sari",Peeter,Järv,Peeter Järv
3379.0,326,2,926.5699999999999,2,2,3,7,New Customers,"Onboarding, welcome-sari",Kevin,Rand,Kevin Rand
3380.0,329,1,1128.99,2,1,4,7,New Customers,"Onboarding, welcome-sari",Kaido,Must,Kaido Must
3382.0,95,4,848.46,4,4,3,11,Loyal Customers,"Lojaalsusprogramm, preemiad",Ene,Sepp,Ene Sepp
3383.0,169,2,658.49,3,2,3,8,New Customers,"Onboarding, welcome-sari",Tarmo,Paas,Tarmo Paas
3384.0,4,8,2331.12,5,5,5,15,VIP Champions,"Early access, VIP sooduskoodid",Indrek,Raid,Indrek Raid
3386.0,160,1,605.72,3,1,2,6,At Risk,"Win-back kampaania, personaliseeritud e-mail",Pille,Nõmm,Pille Nõmm
3387.0,623,2,539.19,1,2,2,5,At Risk,"Win-back kampaania, personaliseeritud e-mail",Margus,Kõiv,Margus Kõiv
3388.0,75,3,396.04999999999995,4,3,2,9,Regular Customers,Cross-sell kampaaniad,Kaido,Laas,Kaido Laas
3389.0,442,2,1184.22,1,2,4,7,New Customers,"Onboarding, welcome-sari",Piret,Lass,Piret Lass
3390.0,84,1,273.06,4,1,1,6,At Risk,"Win-back kampaania, personaliseeritud e-mail",Anna,Raud,Anna Raud
3391.0,172,3,522.8299999999999,3,3,2,8,New Customers,"Onboarding, welcome-sari",Lea,Ilves,Lea Ilves
3392.0,179,3,756.25,3,3,3,9,Regular Customers,Cross-sell kampaaniad,Liis,Laas,Liis Laas
3393.0,147,4,805.4100000000001,3,4,3,10,Regular Customers,Cross-sell kampaaniad,Henri,Põld,Henri Põld
3394.0,122,6,2166.71,4,5,5,14,VIP Champions,"Early access, VIP sooduskoodid",Eha,Raid,Eha Raid
3395.0,119,4,495.07,4,4,2,10,Regular Customers,Cross-sell kampaaniad,Grete,Paas,Grete Paas
3396.0,87,2,513.08,4,2,2,8,New Customers,"Onboarding, welcome-sari",Marko,Arro,Marko Arro
3397.0,215,4,651.23,2,4,3,9,Regular Customers,Cross-sell kampaaniad,Riina,Liiv,Riina Liiv
3398.0,247,4,754.8499999999999,2,4,3,9,Regular Customers,Cross-sell kampaaniad,Tiit,Mets,Tiit Mets
3399.0,185,5,1266.6100000000001,3,5,4,12,Loyal Customers,"Lojaalsusprogramm, preemiad",Sigrid,Pihl,Sigrid Pihl
3401.0,36,5,1729.71,5,5,5,15,VIP Champions,"Early access, VIP sooduskoodid",Piret,Rand,Piret Rand
3403.0,135,4,610.8199999999999,3,4,2,9,Regular Customers,Cross-sell kampaaniad,Margus,Kask,Margus Kask
3404.0,322,5,1504.64,2,5,5,12,Loyal Customers,"Lojaalsusprogramm, preemiad",Maie,Tammik,Maie Tammik
3405.0,315,5,647.9,2,5,3,10,Regular Customers,Cross-sell kampaaniad,Katrin,Paju,Katrin Paju
3406.0,344,2,786.0,1,2,3,6,At Risk,"Win-back kampaania, personaliseeritud e-mail",Merike,Paas,Merike Paas
3408.0,24,4,2025.48,5,4,5,14,VIP Champions,"Early access, VIP sooduskoodid",Kalev,Pärn,Kalev Pärn
3409.0,429,1,130.36,1,1,1,3,Lost,Viimane taasaktiveerimise pakkumine,Jaak,Põld,Jaak Põld
3410.0,141,2,305.34000000000003,3,2,1,6,At Risk,"Win-back kampaania, personaliseeritud e-mail",Jüri,Rebane,Jüri Rebane
3411.0,177,3,783.74,3,3,3,9,Regular Customers,Cross-sell kampaaniad,Jüri,Pärn,Jüri Pärn
3412.0,248,3,1146.99,2,3,4,9,Regular Customers,Cross-sell kampaaniad,Rasmus,Veski,Rasmus Veski
3413.0,76,1,58.49,4,1,1,6,At Risk,"Win-back kampaania, personaliseeritud e-mail",Kalev,Must,Kalev Must
3414.0,144,3,1075.24,3,3,4,10,Regular Customers,Cross-sell kampaaniad,Peeter,Kangur,Peeter Kangur
3415.0,731,1,560.04,1,1,2,4,Lost,Viimane taasaktiveerimise pakkumine,Ülle,Kuusk,Ülle Kuusk
3416.0,660,2,494.84,1,2,2,5,At Risk,"Win-back kampaania, personaliseeritud e-mail",Ragnar,Järv,Ragnar Järv
3417.0,279,3,573.73,2,3,2,7,New Customers,"Onboarding, welcome-sari",Kalev,Järv,Kalev Järv
3418.0,682,2,494.81999999999994,1,2,2,5,At Risk,"Win-back kampaania, personaliseeritud e-mail",Liina,Lass,Liina Lass
3419.0,89,4,1747.21,4,4,5,13,VIP Champions,"Early access, VIP sooduskoodid",Sirje,Teder,Sirje Teder
3420.0,61,1,482.26,5,1,2,8,New Customers,"Onboarding, welcome-sari",Katrin,Kuusk,Katrin Kuusk
3421.0,522,4,314.65,1,4,1,6,At Risk,"Win-back kampaania, personaliseeritud e-mail",Külli,Lass,Külli Lass
3422.0,87,1,166.52,4,1,1,6,At Risk,"Win-back kampaania, personaliseeritud e-mail",Olev,Kuusik,Olev Kuusik
3424.0,65,6,1538.92,4,5,5,14,VIP Champions,"Early access, VIP sooduskoodid",Jüri,Paas,Jüri Paas
3425.0,106,4,756.99,4,4,3,11,Loyal Customers,"Lojaalsusprogramm, preemiad",Liina,Pärn,Liina Pärn
3429.0,137,3,635.8,3,3,3,9,Regular Customers,Cross-sell kampaaniad,Kalev,Pärn,Kalev Pärn
3430.0,83,4,1405.79,4,4,5,13,VIP Champions,"Early access, VIP sooduskoodid",Toomas,Veski,Toomas Veski
3431.0,67,7,1816.4099999999999,4,5,5,14,VIP Champions,"Early access, VIP sooduskoodid",Margus,Orav,Margus Orav
3432.0,92,5,2475.63,4,5,5,14,VIP Champions,"Early access, VIP sooduskoodid",Ülle,Nurk,Ülle Nurk
3433.0,64,1,281.19,4,1,1,6,At Risk,"Win-back kampaania, personaliseeritud e-mail",Ülle,Talvik,Ülle Talvik
3434.0,86,3,303.33,4,3,1,8,New Customers,"Onboarding, welcome-sari",Rasmus,Rebane,Rasmus Rebane
3435.0,319,4,1652.4299999999998,2,4,5,11,Loyal Customers,"Lojaalsusprogramm, preemiad",Mihkel,Mägi,Mihkel Mägi
3436.0,631,2,404.39,1,2,2,5,At Risk,"Win-back kampaania, personaliseeritud e-mail",Merle,Saar,Merle Saar
3437.0,153,2,614.9200000000001,3,2,3,8,New Customers,"Onboarding, welcome-sari",Rein,Raid,Rein Raid
3438.0,7,6,1001.6800000000001,5,5,4,14,VIP Champions,"Early access, VIP sooduskoodid",Lea,Ilves,Lea Ilves
3439.0,248,7,1783.97,2,5,5,12,Loyal Customers,"Lojaalsusprogramm, preemiad",Kati,Sild,Kati Sild
3441.0,86,2,659.5899999999999,4,2,3,9,Regular Customers,Cross-sell kampaaniad,Terje,Järv,Terje Järv
3442.0,102,3,475.26,4,3,2,9,Regular Customers,Cross-sell kampaaniad,Meelis,Ilves,Meelis Ilves
3443.0,156,2,763.02,3,2,3,8,New Customers,"Onboarding, welcome-sari",Arvo,Nurk,Arvo Nurk
3444.0,135,2,546.62,3,2,2,7,New Customers,"Onboarding, welcome-sari",Maris,Kuusik,Maris Kuusik
3445.0,179,2,299.31,3,2,1,6,At Risk,"Win-back kampaania, personaliseeritud e-mail",Maie,Järv,Maie Järv
3446.0,79,6,2692.31,4,5,5,14,VIP Champions,"Early access, VIP sooduskoodid",Meelis,Sild,Meelis Sild
3447.0,191,3,1042.22,3,3,4,10,Regular Customers,Cross-sell kampaaniad,Kristjan,Lepik,Kristjan Lepik
3448.0,437,1,271.35,1,1,1,3,Lost,Viimane taasaktiveerimise pakkumine,Kristi,Tammik,Kristi Tammik
3449.0,80,2,546.39,4,2,2,8,New Customers,"Onboarding, welcome-sari",Külli,Lõoke,Külli Lõoke
3451.0,100,5,1069.3600000000001,4,5,4,13,VIP Champions,"Early access, VIP sooduskoodid",Kadri,Lõoke,Kadri Lõoke
3452.0,230,4,489.33,2,4,2,8,New Customers,"Onboarding, welcome-sari",Kalev,Nurk,Kalev Nurk
3453.0,5,1,16.62,5,1,1,7,New Customers,"Onboarding, welcome-sari",Urmas,Valk,Urmas Valk
3454.0,242,1,110.53,2,1,1,4,Lost,Viimane taasaktiveerimise pakkumine,Kalev,Kuusik,Kalev Kuusik
3455.0,257,1,351.62,2,1,2,5,At Risk,"Win-back kampaania, personaliseeritud e-mail",Reet,Rand,Reet Rand
3457.0,125,5,1766.75,4,5,5,14,VIP Champions,"Early access, VIP sooduskoodid",Kevin,Must,Kevin Must
3458.0,343,4,718.9799999999999,1,4,3,8,New Customers,"Onboarding, welcome-sari",Arvo,Kull,Arvo Kull
3459.0,9,5,1023.9599999999999,5,5,4,14,VIP Champions,"Early access, VIP sooduskoodid",Erkki,Orav,Erkki Orav
3460.0,64,6,2194.25,4,5,5,14,VIP Champions,"Early access, VIP sooduskoodid",Siim,Kivi,Siim Kivi
3461.0,259,2,459.94,2,2,2,6,At Risk,"Win-back kampaania, personaliseeritud e-mail",Kadri,Kukk,Kadri Kukk
3462.0,463,2,1002.9499999999999,1,2,4,7,New Customers,"Onboarding, welcome-sari",Väino,Lepik,Väino Lepik
3463.0,48,4,768.22,5,4,3,12,Loyal Customers,"Lojaalsusprogramm, preemiad",Katrin,Teder,Katrin Teder
3465.0,592,3,490.09,1,3,2,6,At Risk,"Win-back kampaania, personaliseeritud e-mail",Liina,Tamm,Liina Tamm
3466.0,734,1,57.08,1,1,1,3,Lost,Viimane taasaktiveerimise pakkumine,Jaak,Kask,Jaak Kask
3467.0,22,3,727.73,5,3,3,11,Loyal Customers,"Lojaalsusprogramm, preemiad",Jüri,Laas,Jüri Laas
3468.0,442,1,23.45,1,1,1,3,Lost,Viimane taasaktiveerimise pakkumine,Heino,Aas,Heino Aas
3469.0,151,4,1117.21,3,4,4,11,Loyal Customers,"Lojaalsusprogramm, preemiad",Merle,Puusepp,Merle Puusepp
3470.0,92,5,3166.25,4,5,5,14,VIP Champions,"Early access, VIP sooduskoodid",Raivo,Nurk,Raivo Nurk
3471.0,197,3,937.94,3,3,4,10,Regular Customers,Cross-sell kampaaniad,Taavi,Salu,Taavi Salu
3472.0,503,3,1044.5600000000002,1,3,4,8,New Customers,"Onboarding, welcome-sari",Eha,Kask,Eha Kask
3473.0,717,1,273.06,1,1,1,3,Lost,Viimane taasaktiveerimise pakkumine,Kersti,Rosin,Kersti Rosin
3474.0,52,5,1137.6000000000001,5,5,4,14,VIP Champions,"Early access, VIP sooduskoodid",Laura,Kull,Laura Kull
3475.0,300,3,823.33,2,3,3,8,New Customers,"Onboarding, welcome-sari",Margus,Ilves,Margus Ilves
3476.0,84,7,1895.3500000000001,4,5,5,14,VIP Champions,"Early access, VIP sooduskoodid",Kristi,Teder,Kristi Teder
3477.0,247,2,1421.04,2,2,5,9,Regular Customers,Cross-sell kampaaniad,Priit,Männik,Priit Männik
3479.0,164,3,397.54999999999995,3,3,2,8,New Customers,"Onboarding, welcome-sari",Kevin,Lõhmus,Kevin Lõhmus
3480.0,125,3,417.49,4,3,2,9,Regular Customers,Cross-sell kampaaniad,Taavi,Põld,Taavi Põld
3481.0,74,3,675.94,4,3,3,10,Regular Customers,Cross-sell kampaaniad,Jaak,Raud,Jaak Raud
3482.0,218,1,206.34,2,1,1,4,Lost,Viimane taasaktiveerimise pakkumine,Lauri,Toom,Lauri Toom
3485.0,266,3,484.22,2,3,2,7,New Customers,"Onboarding, welcome-sari",Lauri,Raid,Lauri Raid
3486.0,618,1,610.17,1,1,2,4,Lost,Viimane taasaktiveerimise pakkumine,Lea,Hurt,Lea Hurt
3488.0,156,1,750.68,3,1,3,7,New Customers,"Onboarding, welcome-sari",Sandra,Saar,Sandra Saar
3489.0,135,3,979.8699999999999,3,3,4,10,Regular Customers,Cross-sell kampaaniad,Priit,Raid,Priit Raid
3490.0,59,1,107.36,5,1,1,7,New Customers,"Onboarding, welcome-sari",Aivar,Toom,Aivar Toom
3491.0,145,2,652.84,3,2,3,8,New Customers,"Onboarding, welcome-sari",Eha,Lepik,Eha Lepik
3492.0,169,2,359.78,3,2,2,7,New Customers,"Onboarding, welcome-sari",Katrin,Kukk,Katrin Kukk
3493.0,215,4,911.47,2,4,3,9,Regular Customers,Cross-sell kampaaniad,Liis,Nõmm,Liis Nõmm
3494.0,202,3,701.48,3,3,3,9,Regular Customers,Cross-sell kampaaniad,Andres,Arro,Andres Arro
3496.0,307,2,418.1,2,2,2,6,At Risk,"Win-back kampaania, personaliseeritud e-mail",Kristiina,Lill,Kristiina Lill
3497.0,659,1,26.79,1,1,1,3,Lost,Viimane taasaktiveerimise pakkumine,Katrin,Kuusik,Katrin Kuusik
3498.0,90,3,1298.4299999999998,4,3,4,11,Loyal Customers,"Lojaalsusprogramm, preemiad",Kaido,Kask,Kaido Kask
3500.0,708,2,372.23,1,2,2,5,At Risk,"Win-back kampaania, personaliseeritud e-mail",Kalev,Valk,Kalev Valk
3501.0,169,1,260.04,3,1,1,5,At Risk,"Win-back kampaania, personaliseeritud e-mail",Hille,Kukk,Hille Kukk
3502.0,154,3,440.42999999999995,3,3,2,8,New Customers,"Onboarding, welcome-sari",Hille,Kukk,Hille Kukk
3504.0,349,3,684.4100000000001,1,3,3,7,New Customers,"Onboarding, welcome-sari",Katrin,Männik,Katrin Männik
3505.0,291,4,935.05,2,4,4,10,Regular Customers,Cross-sell kampaaniad,Rasmus,Mägi,Rasmus Mägi
3507.0,292,1,207.23,2,1,1,4,Lost,Viimane taasaktiveerimise pakkumine,Reet,Lass,Reet Lass
3508.0,267,3,1309.1399999999999,2,3,4,9,Regular Customers,Cross-sell kampaaniad,Henri,Mets,Henri Mets
3509.0,50,4,1163.14,5,4,4,13,VIP Champions,"Early access, VIP sooduskoodid",Kalev,Järv,Kalev Järv
3510.0,281,1,366.62,2,1,2,5,At Risk,"Win-back kampaania, personaliseeritud e-mail",Aili,Lõoke,Aili Lõoke
3511.0,236,2,458.6,2,2,2,6,At Risk,"Win-back kampaania, personaliseeritud e-mail",Ülle,Nõmm,Ülle Nõmm
3512.0,399,4,1170.46,1,4,4,9,Regular Customers,Cross-sell kampaaniad,Merike,Raid,Merike Raid
3513.0,289,1,246.97,2,1,1,4,Lost,Viimane taasaktiveerimise pakkumine,Anu,Luik,Anu Luik
3514.0,403,6,1187.99,1,5,4,10,Regular Customers,Cross-sell kampaaniad,Marko,Hurt,Marko Hurt
3515.0,346,5,1796.6299999999999,1,5,5,11,Loyal Customers,"Lojaalsusprogramm, preemiad",Tõnu,Orav,Tõnu Orav
3516.0,52,5,1210.99,5,5,4,14,VIP Champions,"Early access, VIP sooduskoodid",Piret,Must,Piret Must
3517.0,369,2,530.69,1,2,2,5,At Risk,"Win-back kampaania, personaliseeritud e-mail",Terje,Rebane,Terje Rebane
3518.0,167,6,1394.4099999999999,3,5,5,13,VIP Champions,"Early access, VIP sooduskoodid",Aivar,Rand,Aivar Rand
3520.0,451,2,490.15999999999997,1,2,2,5,At Risk,"Win-back kampaania, personaliseeritud e-mail",Riina,Kask,Riina Kask
3521.0,55,3,1313.42,5,3,4,12,Loyal Customers,"Lojaalsusprogramm, preemiad",Lea,Lepp,Lea Lepp
3522.0,417,3,616.87,1,3,3,7,New Customers,"Onboarding, welcome-sari",Sirje,Lepp,Sirje Lepp
3523.0,133,5,1506.42,3,5,5,13,VIP Champions,"Early access, VIP sooduskoodid",Meelis,Raud,Meelis Raud
3524.0,117,1,437.16,4,1,2,7,New Customers,"Onboarding, welcome-sari",Heino,Lõoke,Heino Lõoke
3525.0,215,7,1770.1299999999999,2,5,5,12,Loyal Customers,"Lojaalsusprogramm, preemiad",Toomas,Luik,Toomas Luik
3526.0,304,2,421.18,2,2,2,6,At Risk,"Win-back kampaania, personaliseeritud e-mail",Laura,Kangur,Laura Kangur
3527.0,221,1,312.41,2,1,1,4,Lost,Viimane taasaktiveerimise pakkumine,Liis,Kuusk,Liis Kuusk
3528.0,81,4,1018.37,4,4,4,12,Loyal Customers,"Lojaalsusprogramm, preemiad",Jaak,Värk,Jaak Värk
3529.0,186,5,2002.13,3,5,5,13,VIP Champions,"Early access, VIP sooduskoodid",Kevin,Kõiv,Kevin Kõiv
3530.0,445,3,450.56,1,3,2,6,At Risk,"Win-back kampaania, personaliseeritud e-mail",Siim,Mitt,Siim Mitt
3531.0,240,2,366.51,2,2,2,6,At Risk,"Win-back kampaania, personaliseeritud e-mail",Jaak,Nõmm,Jaak Nõmm
3532.0,239,6,842.46,2,5,3,10,Regular Customers,Cross-sell kampaaniad,Kadri,Kõiv,Kadri Kõiv
3533.0,73,3,1785.9299999999998,4,3,5,12,Loyal Customers,"Lojaalsusprogramm, preemiad",Merle,Talvik,Merle Talvik
3534.0,80,5,998.1999999999999,4,5,4,13,VIP Champions,"Early access, VIP sooduskoodid",Mihkel,Raud,Mihkel Raud
3535.0,119,3,681.98,4,3,3,10,Regular Customers,Cross-sell kampaaniad,Urmas,Kõiv,Urmas Kõiv
3536.0,357,3,458.67,1,3,2,6,At Risk,"Win-back kampaania, personaliseeritud e-mail",Peeter,Paju,Peeter Paju
3537.0,629,1,74.81,1,1,1,3,Lost,Viimane taasaktiveerimise pakkumine,Annika,Raud,Annika Raud
3538.0,100,3,374.73,4,3,2,9,Regular Customers,Cross-sell kampaaniad,Mart,Nõmm,Mart Nõmm
3539.0,10,4,1071.67,5,4,4,13,VIP Champions,"Early access, VIP sooduskoodid",Indrek,Laas,Indrek Laas
3540.0,189,4,1357.4099999999999,3,4,4,11,Loyal Customers,"Lojaalsusprogramm, preemiad",Hille,Liiv,Hille Liiv
3543.0,412,1,78.09,1,1,1,3,Lost,Viimane taasaktiveerimise pakkumine,Aili,Kask,Aili Kask
3545.0,110,6,2850.3,4,5,5,14,VIP Champions,"Early access, VIP sooduskoodid",Merike,Rosin,Merike Rosin
3549.0,299,3,1304.52,2,3,4,9,Regular Customers,Cross-sell kampaaniad,Maris,Lõhmus,Maris Lõhmus
3550.0,75,2,428.57,4,2,2,8,New Customers,"Onboarding, welcome-sari",Kristiina,Kuusk,Kristiina Kuusk
3551.0,130,6,2018.52,3,5,5,13,VIP Champions,"Early access, VIP sooduskoodid",Peeter,Lill,Peeter Lill
3552.0,184,6,1869.02,3,5,5,13,VIP Champions,"Early access, VIP sooduskoodid",Toomas,Puusepp,Toomas Puusepp
3553.0,127,3,951.28,3,3,4,10,Regular Customers,Cross-sell kampaaniad,Sander,Kull,Sander Kull
3554.0,544,3,914.5999999999999,1,3,3,7,New Customers,"Onboarding, welcome-sari",Merike,Raud,Merike Raud
3555.0,429,3,1258.03,1,3,4,8,New Customers,"Onboarding, welcome-sari",Heino,Vaher,Heino Vaher
3556.0,9,68,17898.2,5,5,5,15,VIP Champions,"Early access, VIP sooduskoodid",Merike,Vaher,Merike Vaher
3559.0,1,2,1091.42,5,2,4,11,Loyal Customers,"Lojaalsusprogramm, preemiad",Tiit,Talvik,Tiit Talvik
3560.0,473,4,1365.73,1,4,4,9,Regular Customers,Cross-sell kampaaniad,Aili,Lass,Aili Lass
3561.0,213,1,737.34,2,1,3,6,At Risk,"Win-back kampaania, personaliseeritud e-mail",Tarmo,Sild,Tarmo Sild
3562.0,302,5,1573.61,2,5,5,12,Loyal Customers,"Lojaalsusprogramm, preemiad",Heli,Kull,Heli Kull
3563.0,82,8,1149.08,4,5,4,13,VIP Champions,"Early access, VIP sooduskoodid",Indrek,Oja,Indrek Oja
3564.0,573,1,58.96,1,1,1,3,Lost,Viimane taasaktiveerimise pakkumine,Hille,Kangur,Hille Kangur
3565.0,138,1,183.31,3,1,1,5,At Risk,"Win-back kampaania, personaliseeritud e-mail",Nele,Vaher,Nele Vaher
3567.0,76,3,1020.5600000000001,4,3,4,11,Loyal Customers,"Lojaalsusprogramm, preemiad",Siim,Pihl,Siim Pihl
3568.0,74,2,1412.25,4,2,5,11,Loyal Customers,"Lojaalsusprogramm, preemiad",Jaak,Rand,Jaak Rand
3571.0,125,5,1519.76,4,5,5,14,VIP Champions,"Early access, VIP sooduskoodid",Eha,Sepp,Eha Sepp
3572.0,31,3,1632.08,5,3,5,13,VIP Champions,"Early access, VIP sooduskoodid",Karin,Mitt,Karin Mitt
3573.0,506,2,201.04000000000002,1,2,1,4,Lost,Viimane taasaktiveerimise pakkumine,Ants,Raid,Ants Raid
3574.0,32,3,1959.43,5,3,5,13,VIP Champions,"Early access, VIP sooduskoodid",Indrek,Kallas,Indrek Kallas
3575.0,83,5,1262.82,4,5,4,13,VIP Champions,"Early access, VIP sooduskoodid",Priit,Kallas,Priit Kallas
3576.0,24,4,2289.46,5,4,5,14,VIP Champions,"Early access, VIP sooduskoodid",Sirje,Lepp,Sirje Lepp
3577.0,27,3,786.0699999999999,5,3,3,11,Loyal Customers,"Lojaalsusprogramm, preemiad",Henri,Kangur,Henri Kangur
3578.0,27,6,1466.9,5,5,5,15,VIP Champions,"Early access, VIP sooduskoodid",Erkki,Kull,Erkki Kull
3579.0,222,1,192.22,2,1,1,4,Lost,Viimane taasaktiveerimise pakkumine,Sigrid,Luik,Sigrid Luik
3580.0,193,3,1020.4,3,3,4,10,Regular Customers,Cross-sell kampaaniad,Tiit,Puusepp,Tiit Puusepp
3582.0,22,8,2494.25,5,5,5,15,VIP Champions,"Early access, VIP sooduskoodid",Peeter,Valk,Peeter Valk
3583.0,368,4,1549.8,1,4,5,10,Regular Customers,Cross-sell kampaaniad,Marika,Tamm,Marika Tamm
3584.0,344,1,142.57,1,1,1,3,Lost,Viimane taasaktiveerimise pakkumine,Annika,Talvik,Annika Talvik
3585.0,350,5,1082.72,1,5,4,10,Regular Customers,Cross-sell kampaaniad,Sandra,Sepp,Sandra Sepp
3586.0,263,1,116.98,2,1,1,4,Lost,Viimane taasaktiveerimise pakkumine,Sander,Nurk,Sander Nurk
3587.0,16,2,386.67999999999995,5,2,2,9,Regular Customers,Cross-sell kampaaniad,Ragnar,Pärn,Ragnar Pärn
3588.0,186,1,761.4,3,1,3,7,New Customers,"Onboarding, welcome-sari",Ülle,Kangur,Ülle Kangur
3589.0,158,2,246.84,3,2,1,6,At Risk,"Win-back kampaania, personaliseeritud e-mail",Lauri,Hurt,Lauri Hurt
3590.0,307,2,322.68,2,2,1,5,At Risk,"Win-back kampaania, personaliseeritud e-mail",Madis,Must,Madis Must
3591.0,379,2,346.48,1,2,2,5,At Risk,"Win-back kampaania, personaliseeritud e-mail",Karin,Raud,Karin Raud
3592.0,202,2,632.7,3,2,3,8,New Customers,"Onboarding, welcome-sari",Väino,Paju,Väino Paju
3593.0,178,2,355.21,3,2,2,7,New Customers,"Onboarding, welcome-sari",Marika,Kuusk,Marika Kuusk
3594.0,267,1,296.58,2,1,1,4,Lost,Viimane taasaktiveerimise pakkumine,Ants,Kaalep,Ants Kaalep
3595.0,19,1,50.85,5,1,1,7,New Customers,"Onboarding, welcome-sari",Liis,Puusepp,Liis Puusepp
3596.0,163,3,1018.09,3,3,4,10,Regular Customers,Cross-sell kampaaniad,Väino,Aas,Väino Aas
3597.0,426,3,301.51,1,3,1,5,At Risk,"Win-back kampaania, personaliseeritud e-mail",Pille,Kivi,Pille Kivi
3598.0,185,2,747.26,3,2,3,8,New Customers,"Onboarding, welcome-sari",Ago,Nurk,Ago Nurk
3599.0,37,3,925.32,5,3,3,11,Loyal Customers,"Lojaalsusprogramm, preemiad",Olev,Lepp,Olev Lepp
3600.0,211,4,1241.49,2,4,4,10,Regular Customers,Cross-sell kampaaniad,Kalev,Mägi,Kalev Mägi
3601.0,148,2,885.0699999999999,3,2,3,8,New Customers,"Onboarding, welcome-sari",Reet,Nõmm,Reet Nõmm
3602.0,429,3,636.96,1,3,3,7,New Customers,"Onboarding, welcome-sari",Karin,Paas,Karin Paas
3603.0,158,6,2389.74,3,5,5,13,VIP Champions,"Early access, VIP sooduskoodid",Tarmo,Rosin,Tarmo Rosin
3604.0,199,4,1545.27,3,4,5,12,Loyal Customers,"Lojaalsusprogramm, preemiad",Marko,Nõmm,Marko Nõmm
3605.0,4,75,20331.41,5,5,5,15,VIP Champions,"Early access, VIP sooduskoodid",Anu,Kuusik,Anu Kuusik
3606.0,486,4,1213.6,1,4,4,9,Regular Customers,Cross-sell kampaaniad,Rain,Kuusik,Rain Kuusik
3607.0,81,5,1209.04,4,5,4,13,VIP Champions,"Early access, VIP sooduskoodid",Lea,Raud,Lea Raud
3608.0,168,4,2496.09,3,4,5,12,Loyal Customers,"Lojaalsusprogramm, preemiad",Tarmo,Sepp,Tarmo Sepp
3609.0,218,3,681.02,2,3,3,8,New Customers,"Onboarding, welcome-sari",Indrek,Puusepp,Indrek Puusepp
3610.0,150,2,534.03,3,2,2,7,New Customers,"Onboarding, welcome-sari",Grete,Koppel,Grete Koppel
3611.0,342,1,282.95,1,1,1,3,Lost,Viimane taasaktiveerimise pakkumine,Sirje,Koppel,Sirje Koppel
3613.0,509,3,769.6700000000001,1,3,3,7,New Customers,"Onboarding, welcome-sari",Liis,Paju,Liis Paju
3614.0,575,2,57.910000000000004,1,2,1,4,Lost,Viimane taasaktiveerimise pakkumine,Ülle,Kuusik,Ülle Kuusik
3615.0,142,2,299.54999999999995,3,2,1,6,At Risk,"Win-back kampaania, personaliseeritud e-mail",Andres,Männik,Andres Männik
3616.0,656,1,63.3,1,1,1,3,Lost,Viimane taasaktiveerimise pakkumine,Kersti,Lepik,Kersti Lepik
3617.0,18,6,2477.5,5,5,5,15,VIP Champions,"Early access, VIP sooduskoodid",Jaak,Kull,Jaak Kull
3618.0,7,70,25697.0,5,5,5,15,VIP Champions,"Early access, VIP sooduskoodid",Tiina,Pärn,Tiina Pärn
3619.0,183,5,733.9,3,5,3,11,Loyal Customers,"Lojaalsusprogramm, preemiad",Ants,Roots,Ants Roots
3620.0,413,2,798.6700000000001,1,2,3,6,At Risk,"Win-back kampaania, personaliseeritud e-mail",Andres,Toom,Andres Toom
3621.0,627,2,1308.86,1,2,4,7,New Customers,"Onboarding, welcome-sari",Karin,Vaher,Karin Vaher
3622.0,184,4,2020.6399999999999,3,4,5,12,Loyal Customers,"Lojaalsusprogramm, preemiad",Annika,Rosin,Annika Rosin
3624.0,206,3,1246.5,3,3,4,10,Regular Customers,Cross-sell kampaaniad,Elis,Mitt,Elis Mitt
3626.0,37,6,1278.49,5,5,4,14,VIP Champions,"Early access, VIP sooduskoodid",Katrin,Kõiv,Katrin Kõiv
3627.0,55,4,1330.54,5,4,4,13,VIP Champions,"Early access, VIP sooduskoodid",Mihkel,Roots,Mihkel Roots
3628.0,499,3,1513.16,1,3,5,9,Regular Customers,Cross-sell kampaaniad,Kristjan,Järv,Kristjan Järv
3629.0,1,5,1411.02,5,5,5,15,VIP Champions,"Early access, VIP sooduskoodid",Jaak,Värk,Jaak Värk
3630.0,395,1,222.1,1,1,1,3,Lost,Viimane taasaktiveerimise pakkumine,Heli,Puusepp,Heli Puusepp
3631.0,46,3,366.47,5,3,2,10,Regular Customers,Cross-sell kampaaniad,Hille,Aas,Hille Aas
3632.0,46,4,1405.85,5,4,5,14,VIP Champions,"Early access, VIP sooduskoodid",Margus,Rosin,Margus Rosin
3633.0,100,7,1669.56,4,5,5,14,VIP Champions,"Early access, VIP sooduskoodid",Heli,Põld,Heli Põld
3634.0,12,1,552.4,5,1,2,8,New Customers,"Onboarding, welcome-sari",Taavi,Kangur,Taavi Kangur
3636.0,638,2,990.16,1,2,4,7,New Customers,"Onboarding, welcome-sari",Laura,Toom,Laura Toom
3637.0,316,3,671.03,2,3,3,8,New Customers,"Onboarding, welcome-sari",Aivar,Põld,Aivar Põld
3638.0,71,5,2003.07,4,5,5,14,VIP Champions,"Early access, VIP sooduskoodid",Elis,Sild,Elis Sild
3640.0,11,2,1013.8599999999999,5,2,4,11,Loyal Customers,"Lojaalsusprogramm, preemiad",Aivar,Laas,Aivar Laas
3641.0,180,2,576.48,3,2,2,7,New Customers,"Onboarding, welcome-sari",Triin,Järv,Triin Järv
3642.0,452,2,399.36,1,2,2,5,At Risk,"Win-back kampaania, personaliseeritud e-mail",Kevin,Roots,Kevin Roots
3643.0,140,7,3559.9,3,5,5,13,VIP Champions,"Early access, VIP sooduskoodid",Mart,Liiv,Mart Liiv
3644.0,37,7,2464.95,5,5,5,15,VIP Champions,"Early access, VIP sooduskoodid",Mihkel,Sild,Mihkel Sild
3645.0,216,2,365.19,2,2,2,6,At Risk,"Win-back kampaania, personaliseeritud e-mail",Katrin,Nurk,Katrin Nurk
3646.0,595,2,267.54,1,2,1,4,Lost,Viimane taasaktiveerimise pakkumine,Ülle,Valk,Ülle Valk
3647.0,153,4,886.15,3,4,3,10,Regular Customers,Cross-sell kampaaniad,Ants,Teder,Ants Teder
3648.0,8,71,22248.100000000002,5,5,5,15,VIP Champions,"Early access, VIP sooduskoodid",Erkki,Ilves,Erkki Ilves
3649.0,191,5,950.21,3,5,4,12,Loyal Customers,"Lojaalsusprogramm, preemiad",Lea,Salu,Lea Salu
3650.0,286,3,564.29,2,3,2,7,New Customers,"Onboarding, welcome-sari",Toomas,Vaher,Toomas Vaher
3651.0,117,2,410.20000000000005,4,2,2,8,New Customers,"Onboarding, welcome-sari",Lauri,Kukk,Lauri Kukk
3654.0,218,5,881.6800000000001,2,5,3,10,Regular Customers,Cross-sell kampaaniad,Kersti,Kõiv,Kersti Kõiv
3655.0,606,3,912.9,1,3,3,7,New Customers,"Onboarding, welcome-sari",Kristiina,Tamm,Kristiina Tamm
3656.0,327,3,842.59,2,3,3,8,New Customers,"Onboarding, welcome-sari",Raivo,Rebane,Raivo Rebane
3657.0,191,4,688.61,3,4,3,10,Regular Customers,Cross-sell kampaaniad,Triin,Roots,Triin Roots
3659.0,219,3,334.7,2,3,2,7,New Customers,"Onboarding, welcome-sari",Liina,Mägi,Liina Mägi
3660.0,98,3,970.67,4,3,4,11,Loyal Customers,"Lojaalsusprogramm, preemiad",Eha,Liiv,Eha Liiv
3661.0,121,5,2426.1800000000003,4,5,5,14,VIP Champions,"Early access, VIP sooduskoodid",Katrin,Raud,Katrin Raud
3663.0,49,2,268.57,5,2,1,8,New Customers,"Onboarding, welcome-sari",Taavi,Paju,Taavi Paju
3664.0,300,3,222.23000000000002,2,3,1,6,At Risk,"Win-back kampaania, personaliseeritud e-mail",Heli,Kuusk,Heli Kuusk
3665.0,79,3,625.0,4,3,3,10,Regular Customers,Cross-sell kampaaniad,Kalev,Kallas,Kalev Kallas
3666.0,62,5,1859.09,4,5,5,14,VIP Champions,"Early access, VIP sooduskoodid",Nele,Paas,Nele Paas
3668.0,314,4,904.38,2,4,3,9,Regular Customers,Cross-sell kampaaniad,Tiit,Paju,Tiit Paju
3669.0,590,3,1171.03,1,3,4,8,New Customers,"Onboarding, welcome-sari",Raivo,Koppel,Raivo Koppel
3672.0,401,7,1534.1599999999999,1,5,5,11,Loyal Customers,"Lojaalsusprogramm, preemiad",Taavi,Liiv,Taavi Liiv
3673.0,143,2,438.65,3,2,2,7,New Customers,"Onboarding, welcome-sari",Kaido,Kukk,Kaido Kukk
3674.0,158,2,427.51,3,2,2,7,New Customers,"Onboarding, welcome-sari",Grete,Salu,Grete Salu
3675.0,207,4,831.4,3,4,3,10,Regular Customers,Cross-sell kampaaniad,Heli,Roots,Heli Roots
3676.0,267,3,1770.79,2,3,5,10,Regular Customers,Cross-sell kampaaniad,Tiina,Pihl,Tiina Pihl
3677.0,8,1,250.72,5,1,1,7,New Customers,"Onboarding, welcome-sari",Ragnar,Paju,Ragnar Paju
3678.0,116,1,219.38,4,1,1,6,At Risk,"Win-back kampaania, personaliseeritud e-mail",Tõnu,Luik,Tõnu Luik
3679.0,66,2,417.82000000000005,4,2,2,8,New Customers,"Onboarding, welcome-sari",Madis,Lepik,Madis Lepik
3680.0,232,3,1102.87,2,3,4,9,Regular Customers,Cross-sell kampaaniad,Aivar,Kuusk,Aivar Kuusk
3681.0,16,10,2232.94,5,5,5,15,VIP Champions,"Early access, VIP sooduskoodid",Jaak,Sild,Jaak Sild
3684.0,62,4,1007.31,4,4,4,12,Loyal Customers,"Lojaalsusprogramm, preemiad",Lauri,Talvik,Lauri Talvik
3685.0,255,4,1220.67,2,4,4,10,Regular Customers,Cross-sell kampaaniad,Heli,Mägi,Heli Mägi
3686.0,195,3,639.24,3,3,3,9,Regular Customers,Cross-sell kampaaniad,Terje,Salu,Terje Salu
3687.0,31,4,901.07,5,4,3,12,Loyal Customers,"Lojaalsusprogramm, preemiad",Ene,Kuusik,Ene Kuusik
3688.0,237,5,857.21,2,5,3,10,Regular Customers,Cross-sell kampaaniad,Tõnu,Must,Tõnu Must
3689.0,389,3,583.4,1,3,2,6,At Risk,"Win-back kampaania, personaliseeritud e-mail",Olev,Kangur,Olev Kangur
3690.0,125,1,501.69,4,1,2,7,New Customers,"Onboarding, welcome-sari",Maie,Tamm,Maie Tamm
3691.0,74,1,259.23,4,1,1,6,At Risk,"Win-back kampaania, personaliseeritud e-mail",Anna,Liiv,Anna Liiv
3692.0,45,8,3293.95,5,5,5,15,VIP Champions,"Early access, VIP sooduskoodid",Väino,Sild,Väino Sild
3693.0,290,2,649.21,2,2,3,7,New Customers,"Onboarding, welcome-sari",Külli,Must,Külli Must
3695.0,338,4,1108.38,1,4,4,9,Regular Customers,Cross-sell kampaaniad,Kati,Puusepp,Kati Puusepp
3696.0,466,5,2980.9,1,5,5,11,Loyal Customers,"Lojaalsusprogramm, preemiad",Tiina,Järv,Tiina Järv
3697.0,364,2,557.38,1,2,2,5,At Risk,"Win-back kampaania, personaliseeritud e-mail",Andres,Kuusik,Andres Kuusik
3698.0,360,3,455.51,1,3,2,6,At Risk,"Win-back kampaania, personaliseeritud e-mail",Tiina,Teder,Tiina Teder
3699.0,134,9,3917.12,3,5,5,13,VIP Champions,"Early access, VIP sooduskoodid",Marko,Pihl,Marko Pihl
3700.0,29,2,1088.92,5,2,4,11,Loyal Customers,"Lojaalsusprogramm, preemiad",Liina,Valk,Liina Valk
3701.0,711,2,352.5,1,2,2,5,At Risk,"Win-back kampaania, personaliseeritud e-mail",Tarmo,Tammik,Tarmo Tammik
3702.0,166,2,431.74,3,2,2,7,New Customers,"Onboarding, welcome-sari",Väino,Tammik,Väino Tammik
3703.0,538,2,1426.28,1,2,5,8,New Customers,"Onboarding, welcome-sari",Liina,Lõhmus,Liina Lõhmus
3704.0,53,1,68.08,5,1,1,7,New Customers,"Onboarding, welcome-sari",Kaido,Kuusik,Kaido Kuusik
3705.0,108,2,250.0,4,2,1,7,New Customers,"Onboarding, welcome-sari",Grete,Paju,Grete Paju
3706.0,67,1,566.48,4,1,2,7,New Customers,"Onboarding, welcome-sari",Anna,Pihl,Anna Pihl
3707.0,6,3,942.25,5,3,4,12,Loyal Customers,"Lojaalsusprogramm, preemiad",Anu,Toom,Anu Toom
3708.0,603,1,347.16,1,1,2,4,Lost,Viimane taasaktiveerimise pakkumine,Tarmo,Kukk,Tarmo Kukk
3709.0,107,6,1147.6399999999999,4,5,4,13,VIP Champions,"Early access, VIP sooduskoodid",Peeter,Org,Peeter Org
3710.0,54,6,2116.89,5,5,5,15,VIP Champions,"Early access, VIP sooduskoodid",Liina,Kask,Liina Kask
3711.0,82,6,1103.25,4,5,4,13,VIP Champions,"Early access, VIP sooduskoodid",Väino,Paju,Väino Paju
3712.0,126,2,669.38,3,2,3,8,New Customers,"Onboarding, welcome-sari",Indrek,Mägi,Indrek Mägi
3713.0,42,5,864.69,5,5,3,13,VIP Champions,"Early access, VIP sooduskoodid",Marika,Kõiv,Marika Kõiv
3714.0,208,4,1063.92,3,4,4,11,Loyal Customers,"Lojaalsusprogramm, preemiad",Meelis,Raid,Meelis Raid
3715.0,54,1,552.4,5,1,2,8,New Customers,"Onboarding, welcome-sari",Maie,Kaalep,Maie Kaalep
3716.0,146,5,1781.36,3,5,5,13,VIP Champions,"Early access, VIP sooduskoodid",Jüri,Salu,Jüri Salu
3718.0,56,7,1321.25,5,5,4,14,VIP Champions,"Early access, VIP sooduskoodid",Kevin,Orav,Kevin Orav
3719.0,193,5,1579.77,3,5,5,13,VIP Champions,"Early access, VIP sooduskoodid",Anna,Puusepp,Anna Puusepp
3720.0,250,5,2158.81,2,5,5,12,Loyal Customers,"Lojaalsusprogramm, preemiad",Grete,Puusepp,Grete Puusepp
3721.0,174,3,1564.98,3,3,5,11,Loyal Customers,"Lojaalsusprogramm, preemiad",Heino,Roots,Heino Roots
3722.0,28,59,18412.07,5,5,5,15,VIP Champions,"Early access, VIP sooduskoodid",Ago,Kull,Ago Kull
3723.0,215,3,703.14,2,3,3,8,New Customers,"Onboarding, welcome-sari",Marika,Lass,Marika Lass
3724.0,249,1,26.62,2,1,1,4,Lost,Viimane taasaktiveerimise pakkumine,Madis,Teder,Madis Teder
3726.0,549,2,742.1800000000001,1,2,3,6,At Risk,"Win-back kampaania, personaliseeritud e-mail",Sandra,Roots,Sandra Roots
3728.0,104,3,251.67,4,3,1,8,New Customers,"Onboarding, welcome-sari",Kristiina,Kull,Kristiina Kull
3729.0,454,2,280.56,1,2,1,4,Lost,Viimane taasaktiveerimise pakkumine,Annika,Must,Annika Must
3730.0,513,2,1085.9,1,2,4,7,New Customers,"Onboarding, welcome-sari",Tarmo,Kuusik,Tarmo Kuusik
3732.0,7,5,2681.42,5,5,5,15,VIP Champions,"Early access, VIP sooduskoodid",Olev,Sild,Olev Sild
3733.0,406,1,106.82,1,1,1,3,Lost,Viimane taasaktiveerimise pakkumine,Priit,Aas,Priit Aas
3734.0,104,4,2087.25,4,4,5,13,VIP Champions,"Early access, VIP sooduskoodid",Pille,Koppel,Pille Koppel
3735.0,357,4,1460.03,1,4,5,10,Regular Customers,Cross-sell kampaaniad,Tõnu,Luik,Tõnu Luik
3737.0,51,6,2105.1,5,5,5,15,VIP Champions,"Early access, VIP sooduskoodid",Sandra,Aas,Sandra Aas
3738.0,100,2,333.19,4,2,2,8,New Customers,"Onboarding, welcome-sari",Aili,Rosin,Aili Rosin
3740.0,28,2,422.51,5,2,2,9,Regular Customers,Cross-sell kampaaniad,Anu,Nurk,Anu Nurk
3741.0,16,2,978.99,5,2,4,11,Loyal Customers,"Lojaalsusprogramm, preemiad",Peeter,Veski,Peeter Veski
3742.0,152,1,67.75,3,1,1,5,At Risk,"Win-back kampaania, personaliseeritud e-mail",Katrin,Rebane,Katrin Rebane
3743.0,121,3,747.37,4,3,3,10,Regular Customers,Cross-sell kampaaniad,Tiina,Kukk,Tiina Kukk
3744.0,161,3,691.0999999999999,3,3,3,9,Regular Customers,Cross-sell kampaaniad,Ülle,Kuusik,Ülle Kuusik
3745.0,293,5,2399.3,2,5,5,12,Loyal Customers,"Lojaalsusprogramm, preemiad",Tõnu,Mägi,Tõnu Mägi
3746.0,135,6,1531.35,3,5,5,13,VIP Champions,"Early access, VIP sooduskoodid",Ants,Kull,Ants Kull
3748.0,377,3,609.19,1,3,2,6,At Risk,"Win-back kampaania, personaliseeritud e-mail",Taavi,Kuusk,Taavi Kuusk
3750.0,65,4,1041.73,4,4,4,12,Loyal Customers,"Lojaalsusprogramm, preemiad",Hille,Lõoke,Hille Lõoke
3751.0,229,4,2235.34,2,4,5,11,Loyal Customers,"Lojaalsusprogramm, preemiad",Väino,Raud,Väino Raud
3752.0,294,3,632.27,2,3,3,8,New Customers,"Onboarding, welcome-sari",Kersti,Järv,Kersti Järv
3754.0,369,2,610.8,1,2,2,5,At Risk,"Win-back kampaania, personaliseeritud e-mail",Lauri,Mets,Lauri Mets
3755.0,25,5,848.9200000000001,5,5,3,13,VIP Champions,"Early access, VIP sooduskoodid",Aili,Liiv,Aili Liiv
3756.0,698,2,245.24,1,2,1,4,Lost,Viimane taasaktiveerimise pakkumine,Rein,Nõmm,Rein Nõmm
3758.0,184,4,862.5,3,4,3,10,Regular Customers,Cross-sell kampaaniad,Eha,Org,Eha Org
3759.0,176,4,1778.05,3,4,5,12,Loyal Customers,"Lojaalsusprogramm, preemiad",Tarmo,Kukk,Tarmo Kukk
3760.0,103,5,1122.1399999999999,4,5,4,13,VIP Champions,"Early access, VIP sooduskoodid",Madis,Värk,Madis Värk
3761.0,388,2,233.06,1,2,1,4,Lost,Viimane taasaktiveerimise pakkumine,Rein,Paju,Rein Paju
3762.0,228,2,474.25,2,2,2,6,At Risk,"Win-back kampaania, personaliseeritud e-mail",Kati,Mägi,Kati Mägi
3763.0,645,1,183.4,1,1,1,3,Lost,Viimane taasaktiveerimise pakkumine,Eha,Kangur,Eha Kangur
3764.0,70,4,1060.04,4,4,4,12,Loyal Customers,"Lojaalsusprogramm, preemiad",Katrin,Kivi,Katrin Kivi
3765.0,129,3,1264.42,3,3,4,10,Regular Customers,Cross-sell kampaaniad,Aili,Teder,Aili Teder
3766.0,151,3,561.19,3,3,2,8,New Customers,"Onboarding, welcome-sari",Andres,Oja,Andres Oja
3767.0,196,3,1133.38,3,3,4,10,Regular Customers,Cross-sell kampaaniad,Tarmo,Kaalep,Tarmo Kaalep
3768.0,98,4,947.22,4,4,4,12,Loyal Customers,"Lojaalsusprogramm, preemiad",Karin,Sepp,Karin Sepp
3769.0,430,2,429.15,1,2,2,5,At Risk,"Win-back kampaania, personaliseeritud e-mail",Anna,Luik,Anna Luik
3770.0,353,3,1475.3899999999999,1,3,5,9,Regular Customers,Cross-sell kampaaniad,Lauri,Männik,Lauri Männik
3771.0,47,3,527.48,5,3,2,10,Regular Customers,Cross-sell kampaaniad,Ago,Kukk,Ago Kukk
3772.0,290,2,182.4,2,2,1,5,At Risk,"Win-back kampaania, personaliseeritud e-mail",Piret,Aas,Piret Aas
3773.0,13,4,960.95,5,4,4,13,VIP Champions,"Early access, VIP sooduskoodid",Toomas,Lepp,Toomas Lepp
3775.0,79,6,2211.61,4,5,5,14,VIP Champions,"Early access, VIP sooduskoodid",Väino,Kuusik,Väino Kuusik
3777.0,352,3,577.83,1,3,2,6,At Risk,"Win-back kampaania, personaliseeritud e-mail",Marika,Aas,Marika Aas
3778.0,186,1,176.65,3,1,1,5,At Risk,"Win-back kampaania, personaliseeritud e-mail",Kalev,Kask,Kalev Kask
3779.0,175,1,247.28,3,1,1,5,At Risk,"Win-back kampaania, personaliseeritud e-mail",Madis,Kivi,Madis Kivi
3780.0,47,4,942.1700000000001,5,4,4,13,VIP Champions,"Early access, VIP sooduskoodid",Kadri,Mets,Kadri Mets
3781.0,79,1,1635.35,4,1,5,10,Regular Customers,Cross-sell kampaaniad,Eha,Orav,Eha Orav
3782.0,1,4,2350.16,5,4,5,14,VIP Champions,"Early access, VIP sooduskoodid",Kristiina,Sepp,Kristiina Sepp
3783.0,54,2,369.3,5,2,2,9,Regular Customers,Cross-sell kampaaniad,Lea,Kukk,Lea Kukk
3784.0,149,6,1393.79,3,5,5,13,VIP Champions,"Early access, VIP sooduskoodid",Liina,Roots,Liina Roots
3785.0,451,1,271.98,1,1,1,3,Lost,Viimane taasaktiveerimise pakkumine,Toomas,Lill,Toomas Lill
3787.0,199,5,648.02,3,5,3,11,Loyal Customers,"Lojaalsusprogramm, preemiad",Aili,Saar,Aili Saar
3788.0,179,6,1052.41,3,5,4,12,Loyal Customers,"Lojaalsusprogramm, preemiad",Terje,Laas,Terje Laas
3789.0,336,3,899.0,1,3,3,7,New Customers,"Onboarding, welcome-sari",Peeter,Pihl,Peeter Pihl
3790.0,238,2,659.57,2,2,3,7,New Customers,"Onboarding, welcome-sari",Kadri,Liiv,Kadri Liiv
3791.0,659,1,154.71,1,1,1,3,Lost,Viimane taasaktiveerimise pakkumine,Ülle,Puusepp,Ülle Puusepp
3792.0,161,2,393.52,3,2,2,7,New Customers,"Onboarding, welcome-sari",Urmas,Järv,Urmas Järv
3793.0,15,4,522.23,5,4,2,11,Loyal Customers,"Lojaalsusprogramm, preemiad",Lea,Nõmm,Lea Nõmm
3794.0,202,2,938.4000000000001,3,2,4,9,Regular Customers,Cross-sell kampaaniad,Nele,Koppel,Nele Koppel
3795.0,478,2,701.22,1,2,3,6,At Risk,"Win-back kampaania, personaliseeritud e-mail",Taavi,Hurt,Taavi Hurt
3796.0,212,1,221.4,2,1,1,4,Lost,Viimane taasaktiveerimise pakkumine,Maris,Oja,Maris Oja
3797.0,181,1,127.24,3,1,1,5,At Risk,"Win-back kampaania, personaliseeritud e-mail",Anna,Must,Anna Must
3798.0,174,2,452.13,3,2,2,7,New Customers,"Onboarding, welcome-sari",Annika,Aas,Annika Aas
3799.0,267,2,884.2,2,2,3,7,New Customers,"Onboarding, welcome-sari",Merle,Raud,Merle Raud
3802.0,420,1,106.21,1,1,1,3,Lost,Viimane taasaktiveerimise pakkumine,Karin,Rosin,Karin Rosin
3803.0,319,4,1470.68,2,4,5,11,Loyal Customers,"Lojaalsusprogramm, preemiad",Maie,Raud,Maie Raud
3804.0,36,4,1280.74,5,4,4,13,VIP Champions,"Early access, VIP sooduskoodid",Anu,Sild,Anu Sild
3805.0,536,2,1469.26,1,2,5,8,New Customers,"Onboarding, welcome-sari",Terje,Kivi,Terje Kivi
3806.0,172,2,97.11,3,2,1,6,At Risk,"Win-back kampaania, personaliseeritud e-mail",Lauri,Tamm,Lauri Tamm
3808.0,515,1,282.95,1,1,1,3,Lost,Viimane taasaktiveerimise pakkumine,Anu,Liiv,Anu Liiv
3809.0,330,4,940.48,2,4,4,10,Regular Customers,Cross-sell kampaaniad,Toomas,Raid,Toomas Raid
3810.0,11,53,17868.75,5,5,5,15,VIP Champions,"Early access, VIP sooduskoodid",Pille,Sepp,Pille Sepp
3811.0,51,2,276.98,5,2,1,8,New Customers,"Onboarding, welcome-sari",Andres,Pihl,Andres Pihl
3812.0,200,3,485.12,3,3,2,8,New Customers,"Onboarding, welcome-sari",Riina,Rand,Riina Rand
3813.0,388,1,95.39,1,1,1,3,Lost,Viimane taasaktiveerimise pakkumine,Nele,Rebane,Nele Rebane
3814.0,66,2,1008.69,4,2,4,10,Regular Customers,Cross-sell kampaaniad,Külli,Mets,Külli Mets
3815.0,58,5,840.29,5,5,3,13,VIP Champions,"Early access, VIP sooduskoodid",Marko,Mägi,Marko Mägi
3816.0,66,2,323.98,4,2,1,7,New Customers,"Onboarding, welcome-sari",Eha,Ilves,Eha Ilves
3817.0,172,4,2063.73,3,4,5,12,Loyal Customers,"Lojaalsusprogramm, preemiad",Anna,Paas,Anna Paas
3818.0,131,4,912.51,3,4,3,10,Regular Customers,Cross-sell kampaaniad,Indrek,Männik,Indrek Männik
3819.0,123,1,401.6,4,1,2,7,New Customers,"Onboarding, welcome-sari",Jüri,Kuusk,Jüri Kuusk
3820.0,268,3,281.36,2,3,1,6,At Risk,"Win-back kampaania, personaliseeritud e-mail",Aivar,Lill,Aivar Lill
3821.0,266,1,437.98,2,1,2,5,At Risk,"Win-back kampaania, personaliseeritud e-mail",Tiina,Kõiv,Tiina Kõiv
3822.0,128,1,286.17,3,1,1,5,At Risk,"Win-back kampaania, personaliseeritud e-mail",Liina,Kuusk,Liina Kuusk
3824.0,377,2,859.08,1,2,3,6,At Risk,"Win-back kampaania, personaliseeritud e-mail",Andres,Lepp,Andres Lepp
3825.0,281,3,1074.03,2,3,4,9,Regular Customers,Cross-sell kampaaniad,Kati,Paas,Kati Paas
3826.0,48,4,1042.3,5,4,4,13,VIP Champions,"Early access, VIP sooduskoodid",Marko,Kask,Marko Kask
3827.0,243,2,515.0799999999999,2,2,2,6,At Risk,"Win-back kampaania, personaliseeritud e-mail",Lea,Raid,Lea Raid
3828.0,160,4,1273.5900000000001,3,4,4,11,Loyal Customers,"Lojaalsusprogramm, preemiad",Pille,Põld,Pille Põld
3829.0,137,4,795.5699999999999,3,4,3,10,Regular Customers,Cross-sell kampaaniad,Katrin,Nurk,Katrin Nurk
3830.0,531,1,789.39,1,1,3,5,At Risk,"Win-back kampaania, personaliseeritud e-mail",Marko,Lõhmus,Marko Lõhmus
3831.0,111,4,1148.6200000000001,4,4,4,12,Loyal Customers,"Lojaalsusprogramm, preemiad",Maris,Rosin,Maris Rosin
3832.0,254,3,662.36,2,3,3,8,New Customers,"Onboarding, welcome-sari",Kaido,Orav,Kaido Orav
3833.0,88,5,1002.33,4,5,4,13,VIP Champions,"Early access, VIP sooduskoodid",Mihkel,Pihl,Mihkel Pihl
3834.0,50,2,1138.23,5,2,4,11,Loyal Customers,"Lojaalsusprogramm, preemiad",Grete,Männik,Grete Männik
3835.0,36,2,377.45000000000005,5,2,2,9,Regular Customers,Cross-sell kampaaniad,Aivar,Luik,Aivar Luik
3836.0,327,2,346.36,2,2,2,6,At Risk,"Win-back kampaania, personaliseeritud e-mail",Tiit,Arro,Tiit Arro
3837.0,582,4,1170.95,1,4,4,9,Regular Customers,Cross-sell kampaaniad,Anu,Paas,Anu Paas
3838.0,391,1,216.18,1,1,1,3,Lost,Viimane taasaktiveerimise pakkumine,Ago,Kivi,Ago Kivi
3839.0,4,4,775.9300000000001,5,4,3,12,Loyal Customers,"Lojaalsusprogramm, preemiad",Tõnu,Värk,Tõnu Värk
3840.0,53,4,1178.0,5,4,4,13,VIP Champions,"Early access, VIP sooduskoodid",Anna,Pärn,Anna Pärn
3841.0,216,3,692.4200000000001,2,3,3,8,New Customers,"Onboarding, welcome-sari",Taavi,Kõiv,Taavi Kõiv
3842.0,58,2,370.93,5,2,2,9,Regular Customers,Cross-sell kampaaniad,Aivar,Koppel,Aivar Koppel
3843.0,109,5,2559.25,4,5,5,14,VIP Champions,"Early access, VIP sooduskoodid",Rein,Must,Rein Must
3845.0,483,2,511.63,1,2,2,5,At Risk,"Win-back kampaania, personaliseeritud e-mail",Meelis,Oja,Meelis Oja
3846.0,274,3,1661.3700000000001,2,3,5,10,Regular Customers,Cross-sell kampaaniad,Tiina,Luik,Tiina Luik
3847.0,306,2,978.77,2,2,4,8,New Customers,"Onboarding, welcome-sari",Andres,Kask,Andres Kask
3848.0,105,4,677.93,4,4,3,11,Loyal Customers,"Lojaalsusprogramm, preemiad",Maie,Rosin,Maie Rosin
3849.0,501,4,944.63,1,4,4,9,Regular Customers,Cross-sell kampaaniad,Rasmus,Männik,Rasmus Männik
3850.0,188,3,770.39,3,3,3,9,Regular Customers,Cross-sell kampaaniad,Piret,Puusepp,Piret Puusepp
3851.0,105,6,1245.8500000000001,4,5,4,13,VIP Champions,"Early access, VIP sooduskoodid",Raivo,Pihl,Raivo Pihl
3852.0,112,7,2740.79,4,5,5,14,VIP Champions,"Early access, VIP sooduskoodid",Nele,Kivi,Nele Kivi
3853.0,213,2,1129.28,2,2,4,8,New Customers,"Onboarding, welcome-sari",Olev,Kuusk,Olev Kuusk
3854.0,310,3,1255.26,2,3,4,9,Regular Customers,Cross-sell kampaaniad,Toomas,Kivi,Toomas Kivi
3855.0,195,2,534.3199999999999,3,2,2,7,New Customers,"Onboarding, welcome-sari",Margus,Tammik,Margus Tammik
3856.0,133,6,1753.12,3,5,5,13,VIP Champions,"Early access, VIP sooduskoodid",Kristi,Ilves,Kristi Ilves
3857.0,88,3,1805.5299999999997,4,3,5,12,Loyal Customers,"Lojaalsusprogramm, preemiad",Grete,Lepik,Grete Lepik
3858.0,78,2,292.34999999999997,4,2,1,7,New Customers,"Onboarding, welcome-sari",Annika,Nõmm,Annika Nõmm
3859.0,457,2,345.1,1,2,2,5,At Risk,"Win-back kampaania, personaliseeritud e-mail",Priit,Mitt,Priit Mitt
3861.0,66,5,1503.6200000000001,4,5,5,14,VIP Champions,"Early access, VIP sooduskoodid",Mihkel,Talvik,Mihkel Talvik
3862.0,154,2,532.04,3,2,2,7,New Customers,"Onboarding, welcome-sari",Enn,Liiv,Enn Liiv
3863.0,100,2,937.3299999999999,4,2,4,10,Regular Customers,Cross-sell kampaaniad,Jüri,Raid,Jüri Raid
3864.0,586,1,208.11,1,1,1,3,Lost,Viimane taasaktiveerimise pakkumine,Terje,Rosin,Terje Rosin
3865.0,473,3,1009.28,1,3,4,8,New Customers,"Onboarding, welcome-sari",Kersti,Nurk,Kersti Nurk
3866.0,324,1,50.85,2,1,1,4,Lost,Viimane taasaktiveerimise pakkumine,Raivo,Laas,Raivo Laas
3867.0,187,5,2021.71,3,5,5,13,VIP Champions,"Early access, VIP sooduskoodid",Reet,Mitt,Reet Mitt
3868.0,22,7,1294.08,5,5,4,14,VIP Champions,"Early access, VIP sooduskoodid",Anu,Paju,Anu Paju
3869.0,231,3,1138.22,2,3,4,9,Regular Customers,Cross-sell kampaaniad,Triin,Pihl,Triin Pihl
3870.0,147,3,1078.3200000000002,3,3,4,10,Regular Customers,Cross-sell kampaaniad,Sandra,Kaalep,Sandra Kaalep
3872.0,547,3,1099.17,1,3,4,8,New Customers,"Onboarding, welcome-sari",Annika,Kaalep,Annika Kaalep
3873.0,126,2,153.74,3,2,1,6,At Risk,"Win-back kampaania, personaliseeritud e-mail",Erkki,Mitt,Erkki Mitt
3874.0,68,2,273.1,4,2,1,7,New Customers,"Onboarding, welcome-sari",Katrin,Kuusk,Katrin Kuusk
3875.0,259,4,814.17,2,4,3,9,Regular Customers,Cross-sell kampaaniad,Ago,Toom,Ago Toom
3876.0,31,3,494.54,5,3,2,10,Regular Customers,Cross-sell kampaaniad,Heli,Kõiv,Heli Kõiv
3877.0,477,1,160.91,1,1,1,3,Lost,Viimane taasaktiveerimise pakkumine,Pille,Laas,Pille Laas
3878.0,2,2,158.21,5,2,1,8,New Customers,"Onboarding, welcome-sari",Heino,Roots,Heino Roots
3879.0,10,5,1554.46,5,5,5,15,VIP Champions,"Early access, VIP sooduskoodid",Anna,Roots,Anna Roots
3880.0,358,3,1095.83,1,3,4,8,New Customers,"Onboarding, welcome-sari",Hille,Kangur,Hille Kangur
3881.0,219,2,473.28,2,2,2,6,At Risk,"Win-back kampaania, personaliseeritud e-mail",Pille,Kallas,Pille Kallas
3882.0,399,4,1532.81,1,4,5,10,Regular Customers,Cross-sell kampaaniad,Aivar,Kangur,Aivar Kangur
3883.0,662,3,675.81,1,3,3,7,New Customers,"Onboarding, welcome-sari",Laura,Männik,Laura Männik
3884.0,108,3,1286.71,4,3,4,11,Loyal Customers,"Lojaalsusprogramm, preemiad",Ago,Talvik,Ago Talvik
3885.0,349,3,480.0,1,3,2,6,At Risk,"Win-back kampaania, personaliseeritud e-mail",Elis,Lepp,Elis Lepp
3886.0,84,4,1754.03,4,4,5,13,VIP Champions,"Early access, VIP sooduskoodid",Kevin,Ilves,Kevin Ilves
3887.0,76,2,547.36,4,2,2,8,New Customers,"Onboarding, welcome-sari",Jüri,Lill,Jüri Lill
3890.0,64,2,844.8600000000001,4,2,3,9,Regular Customers,Cross-sell kampaaniad,Sandra,Org,Sandra Org
3891.0,68,5,433.03999999999996,4,5,2,11,Loyal Customers,"Lojaalsusprogramm, preemiad",Rasmus,Toom,Rasmus Toom
3893.0,18,2,591.1899999999999,5,2,2,9,Regular Customers,Cross-sell kampaaniad,Ago,Järv,Ago Järv
3894.0,776,1,50.77,1,1,1,3,Lost,Viimane taasaktiveerimise pakkumine,Katrin,Liiv,Katrin Liiv
3895.0,194,6,1409.1100000000001,3,5,5,13,VIP Champions,"Early access, VIP sooduskoodid",Ago,Toom,Ago Toom
3896.0,350,2,479.31,1,2,2,5,At Risk,"Win-back kampaania, personaliseeritud e-mail",Sander,Rosin,Sander Rosin
3897.0,207,4,1285.71,3,4,4,11,Loyal Customers,"Lojaalsusprogramm, preemiad",Urmas,Ilves,Urmas Ilves
3898.0,305,5,2020.0500000000002,2,5,5,12,Loyal Customers,"Lojaalsusprogramm, preemiad",Grete,Nurk,Grete Nurk
3899.0,27,8,2655.03,5,5,5,15,VIP Champions,"Early access, VIP sooduskoodid",Laura,Mets,Laura Mets
3903.0,54,3,703.03,5,3,3,11,Loyal Customers,"Lojaalsusprogramm, preemiad",Taavi,Raud,Taavi Raud
3904.0,259,2,752.47,2,2,3,7,New Customers,"Onboarding, welcome-sari",Siim,Toom,Siim Toom
3905.0,136,3,1262.6599999999999,3,3,4,10,Regular Customers,Cross-sell kampaaniad,Sigrid,Mägi,Sigrid Mägi
3906.0,615,2,340.73,1,2,2,5,At Risk,"Win-back kampaania, personaliseeritud e-mail",Arvo,Lass,Arvo Lass
3907.0,239,1,257.32,2,1,1,4,Lost,Viimane taasaktiveerimise pakkumine,Rein,Kõiv,Rein Kõiv
3908.0,276,1,338.04,2,1,2,5,At Risk,"Win-back kampaania, personaliseeritud e-mail",Piret,Ilves,Piret Ilves
3909.0,40,1,282.29,5,1,1,7,New Customers,"Onboarding, welcome-sari",Kristi,Toom,Kristi Toom
3911.0,139,3,783.44,3,3,3,9,Regular Customers,Cross-sell kampaaniad,Aili,Kukk,Aili Kukk
3912.0,203,1,218.99,3,1,1,5,At Risk,"Win-back kampaania, personaliseeritud e-mail",Kati,Mägi,Kati Mägi
3913.0,96,2,1187.57,4,2,4,10,Regular Customers,Cross-sell kampaaniad,Mihkel,Lepp,Mihkel Lepp
3914.0,191,2,408.62,3,2,2,7,New Customers,"Onboarding, welcome-sari",Terje,Luik,Terje Luik
3915.0,123,3,487.25,4,3,2,9,Regular Customers,Cross-sell kampaaniad,Kristi,Hurt,Kristi Hurt
3916.0,106,1,208.15,4,1,1,6,At Risk,"Win-back kampaania, personaliseeritud e-mail",Liina,Lepp,Liina Lepp
3919.0,175,4,712.53,3,4,3,10,Regular Customers,Cross-sell kampaaniad,Tarmo,Kaalep,Tarmo Kaalep
3921.0,73,5,1141.7,4,5,4,13,VIP Champions,"Early access, VIP sooduskoodid",Jaak,Kukk,Jaak Kukk
3922.0,225,1,566.48,2,1,2,5,At Risk,"Win-back kampaania, personaliseeritud e-mail",Rein,Kallas,Rein Kallas
3923.0,258,2,767.01,2,2,3,7,New Customers,"Onboarding, welcome-sari",Lauri,Kõiv,Lauri Kõiv
3924.0,80,3,1173.67,4,3,4,11,Loyal Customers,"Lojaalsusprogramm, preemiad",Rasmus,Org,Rasmus Org
3925.0,194,2,457.78,3,2,2,7,New Customers,"Onboarding, welcome-sari",Toomas,Puusepp,Toomas Puusepp
3927.0,656,1,140.02,1,1,1,3,Lost,Viimane taasaktiveerimise pakkumine,Külli,Järv,Külli Järv
3928.0,30,5,1328.82,5,5,4,14,VIP Champions,"Early access, VIP sooduskoodid",Kristiina,Lepp,Kristiina Lepp
3930.0,111,3,569.29,4,3,2,9,Regular Customers,Cross-sell kampaaniad,Ants,Orav,Ants Orav
3931.0,571,1,167.23,1,1,1,3,Lost,Viimane taasaktiveerimise pakkumine,Jaak,Raud,Jaak Raud
3932.0,253,2,429.89,2,2,2,6,At Risk,"Win-back kampaania, personaliseeritud e-mail",Tarmo,Kask,Tarmo Kask
3934.0,147,2,757.46,3,2,3,8,New Customers,"Onboarding, welcome-sari",Kadri,Kull,Kadri Kull
3935.0,74,5,1455.83,4,5,5,14,VIP Champions,"Early access, VIP sooduskoodid",Toomas,Valk,Toomas Valk
3936.0,264,1,519.38,2,1,2,5,At Risk,"Win-back kampaania, personaliseeritud e-mail",Margus,Kivi,Margus Kivi
3937.0,478,3,478.31000000000006,1,3,2,6,At Risk,"Win-back kampaania, personaliseeritud e-mail",Karin,Mägi,Karin Mägi
3939.0,192,7,2340.85,3,5,5,13,VIP Champions,"Early access, VIP sooduskoodid",Enn,Oja,Enn Oja
3941.0,326,1,685.32,2,1,3,6,At Risk,"Win-back kampaania, personaliseeritud e-mail",Siim,Liiv,Siim Liiv
3942.0,43,3,1441.9299999999998,5,3,5,13,VIP Champions,"Early access, VIP sooduskoodid",Ragnar,Tamm,Ragnar Tamm
3943.0,60,3,800.08,5,3,3,11,Loyal Customers,"Lojaalsusprogramm, preemiad",Annika,Lõoke,Annika Lõoke
3944.0,129,3,516.3,3,3,2,8,New Customers,"Onboarding, welcome-sari",Siim,Tamm,Siim Tamm
3945.0,287,3,2169.01,2,3,5,10,Regular Customers,Cross-sell kampaaniad,Ene,Rebane,Ene Rebane
3946.0,196,4,1275.29,3,4,4,11,Loyal Customers,"Lojaalsusprogramm, preemiad",Mihkel,Rosin,Mihkel Rosin
3947.0,111,1,72.73,4,1,1,6,At Risk,"Win-back kampaania, personaliseeritud e-mail",Sander,Kuusik,Sander Kuusik
3948.0,703,1,152.13,1,1,1,3,Lost,Viimane taasaktiveerimise pakkumine,Terje,Org,Terje Org
3949.0,309,4,1040.09,2,4,4,10,Regular Customers,Cross-sell kampaaniad,Margus,Kuusik,Margus Kuusik
3950.0,136,2,992.2,3,2,4,9,Regular Customers,Cross-sell kampaaniad,Aili,Toom,Aili Toom
3952.0,261,4,407.75,2,4,2,8,New Customers,"Onboarding, welcome-sari",Marko,Liiv,Marko Liiv
3953.0,423,6,1009.51,1,5,4,10,Regular Customers,Cross-sell kampaaniad,Karin,Järv,Karin Järv
3954.0,19,3,761.28,5,3,3,11,Loyal Customers,"Lojaalsusprogramm, preemiad",Priit,Teder,Priit Teder
3956.0,349,3,1346.6799999999998,1,3,4,8,New Customers,"Onboarding, welcome-sari",Marit,Aas,Marit Aas
3957.0,271,6,2598.19,2,5,5,12,Loyal Customers,"Lojaalsusprogramm, preemiad",Margus,Lepp,Margus Lepp
3958.0,103,6,1182.64,4,5,4,13,VIP Champions,"Early access, VIP sooduskoodid",Meelis,Saar,Meelis Saar
3959.0,83,4,1105.7,4,4,4,12,Loyal Customers,"Lojaalsusprogramm, preemiad",Ene,Tammik,Ene Tammik
3961.0,9,2,773.5699999999999,5,2,3,10,Regular Customers,Cross-sell kampaaniad,Kalev,Põld,Kalev Põld
3962.0,340,1,49.08,1,1,1,3,Lost,Viimane taasaktiveerimise pakkumine,Ülle,Teder,Ülle Teder
3963.0,288,2,373.44000000000005,2,2,2,6,At Risk,"Win-back kampaania, personaliseeritud e-mail",Margus,Roots,Margus Roots
3964.0,563,1,305.7,1,1,1,3,Lost,Viimane taasaktiveerimise pakkumine,Kersti,Männik,Kersti Männik
3965.0,340,1,190.78,1,1,1,3,Lost,Viimane taasaktiveerimise pakkumine,Heino,Lõoke,Heino Lõoke
3966.0,54,3,1516.9,5,3,5,13,VIP Champions,"Early access, VIP sooduskoodid",Olev,Kangur,Olev Kangur
3967.0,144,1,135.99,3,1,1,5,At Risk,"Win-back kampaania, personaliseeritud e-mail",Annika,Raid,Annika Raid
3969.0,603,3,442.41999999999996,1,3,2,6,At Risk,"Win-back kampaania, personaliseeritud e-mail",Kalev,Oja,Kalev Oja
3970.0,479,4,1150.28,1,4,4,9,Regular Customers,Cross-sell kampaaniad,Kristiina,Järv,Kristiina Järv
3971.0,202,3,928.6100000000001,3,3,3,9,Regular Customers,Cross-sell kampaaniad,Mihkel,Raid,Mihkel Raid
3972.0,399,5,1154.51,1,5,4,10,Regular Customers,Cross-sell kampaaniad,Kristiina,Kull,Kristiina Kull
3973.0,83,2,388.42,4,2,2,8,New Customers,"Onboarding, welcome-sari",Terje,Pärn,Terje Pärn
3974.0,59,4,444.16999999999996,5,4,2,11,Loyal Customers,"Lojaalsusprogramm, preemiad",Priit,Lass,Priit Lass
3975.0,346,3,366.49,1,3,2,6,At Risk,"Win-back kampaania, personaliseeritud e-mail",Arvo,Lass,Arvo Lass
3978.0,213,1,241.18,2,1,1,4,Lost,Viimane taasaktiveerimise pakkumine,Tiina,Oja,Tiina Oja
3979.0,162,2,222.2,3,2,1,6,At Risk,"Win-back kampaania, personaliseeritud e-mail",Eha,Hurt,Eha Hurt
3981.0,154,4,674.45,3,4,3,10,Regular Customers,Cross-sell kampaaniad,Rein,Pihl,Rein Pihl
3982.0,21,4,654.24,5,4,3,12,Loyal Customers,"Lojaalsusprogramm, preemiad",Siim,Toom,Siim Toom
3984.0,273,6,802.88,2,5,3,10,Regular Customers,Cross-sell kampaaniad,Kati,Tammik,Kati Tammik
3985.0,292,4,599.65,2,4,2,8,New Customers,"Onboarding, welcome-sari",Sirje,Valk,Sirje Valk
3986.0,56,1,130.73,5,1,1,7,New Customers,"Onboarding, welcome-sari",Jüri,Nõmm,Jüri Nõmm
3987.0,481,2,588.61,1,2,2,5,At Risk,"Win-back kampaania, personaliseeritud e-mail",Tiina,Talvik,Tiina Talvik
3988.0,13,2,584.0600000000001,5,2,2,9,Regular Customers,Cross-sell kampaaniad,Väino,Hurt,Väino Hurt
3990.0,61,4,1865.7,5,4,5,14,VIP Champions,"Early access, VIP sooduskoodid",Henri,Lepik,Henri Lepik
3991.0,75,2,677.1,4,2,3,9,Regular Customers,Cross-sell kampaaniad,Väino,Mägi,Väino Mägi
3992.0,53,3,711.5999999999999,5,3,3,11,Loyal Customers,"Lojaalsusprogramm, preemiad",Kristi,Luik,Kristi Luik
3993.0,323,4,573.1500000000001,2,4,2,8,New Customers,"Onboarding, welcome-sari",Grete,Arro,Grete Arro
3994.0,136,3,1750.35,3,3,5,11,Loyal Customers,"Lojaalsusprogramm, preemiad",Andres,Aas,Andres Aas
3995.0,26,6,1463.4099999999999,5,5,5,15,VIP Champions,"Early access, VIP sooduskoodid",Marit,Talvik,Marit Talvik
3996.0,14,5,1081.45,5,5,4,14,VIP Champions,"Early access, VIP sooduskoodid",Heli,Mitt,Heli Mitt
3997.0,89,3,1247.3700000000001,4,3,4,11,Loyal Customers,"Lojaalsusprogramm, preemiad",Indrek,Arro,Indrek Arro
3998.0,209,2,880.48,2,2,3,7,New Customers,"Onboarding, welcome-sari",Nele,Ilves,Nele Ilves
3999.0,347,1,298.94,1,1,1,3,Lost,Viimane taasaktiveerimise pakkumine,Kalev,Salu,Kalev Salu
4000.0,151,3,382.69,3,3,2,8,New Customers,"Onboarding, welcome-sari",Kristjan,Rand,Kristjan Rand
4001.0,233,3,852.1600000000001,2,3,3,8,New Customers,"Onboarding, welcome-sari",Elis,Tammik,Elis Tammik
4002.0,429,2,392.0,1,2,2,5,At Risk,"Win-back kampaania, personaliseeritud e-mail",Triin,Kaalep,Triin Kaalep
4003.0,28,4,531.27,5,4,2,11,Loyal Customers,"Lojaalsusprogramm, preemiad",Kevin,Paas,Kevin Paas
4004.0,149,5,2372.29,3,5,5,13,VIP Champions,"Early access, VIP sooduskoodid",Peeter,Põld,Peeter Põld
4005.0,17,1,166.27,5,1,1,7,New Customers,"Onboarding, welcome-sari",Toomas,Orav,Toomas Orav
4006.0,544,5,1385.4299999999998,1,5,4,10,Regular Customers,Cross-sell kampaaniad,Elis,Oja,Elis Oja
4007.0,287,1,385.11,2,1,2,5,At Risk,"Win-back kampaania, personaliseeritud e-mail",Sander,Org,Sander Org
4008.0,738,1,695.68,1,1,3,5,At Risk,"Win-back kampaania, personaliseeritud e-mail",Erkki,Arro,Erkki Arro
4009.0,206,4,978.93,3,4,4,11,Loyal Customers,"Lojaalsusprogramm, preemiad",Terje,Kukk,Terje Kukk
4010.0,10,5,1893.77,5,5,5,15,VIP Champions,"Early access, VIP sooduskoodid",Kaido,Kaalep,Kaido Kaalep
4011.0,12,5,2302.81,5,5,5,15,VIP Champions,"Early access, VIP sooduskoodid",Liina,Teder,Liina Teder
4012.0,63,3,1636.68,4,3,5,12,Loyal Customers,"Lojaalsusprogramm, preemiad",Aivar,Kivi,Aivar Kivi
4013.0,610,1,246.97,1,1,1,3,Lost,Viimane taasaktiveerimise pakkumine,Piret,Paas,Piret Paas
4014.0,109,5,1549.67,4,5,5,14,VIP Champions,"Early access, VIP sooduskoodid",Liis,Kangur,Liis Kangur
4015.0,47,2,390.78000000000003,5,2,2,9,Regular Customers,Cross-sell kampaaniad,Urmas,Teder,Urmas Teder
4016.0,198,1,152.13,3,1,1,5,At Risk,"Win-back kampaania, personaliseeritud e-mail",Sandra,Kuusk,Sandra Kuusk
4017.0,395,2,417.69,1,2,2,5,At Risk,"Win-back kampaania, personaliseeritud e-mail",Maris,Teder,Maris Teder
4018.0,17,55,15619.77,5,5,5,15,VIP Champions,"Early access, VIP sooduskoodid",Terje,Kukk,Terje Kukk
4021.0,568,1,332.55,1,1,2,4,Lost,Viimane taasaktiveerimise pakkumine,Triin,Liiv,Triin Liiv
4023.0,86,6,1194.87,4,5,4,13,VIP Champions,"Early access, VIP sooduskoodid",Kristi,Järv,Kristi Järv
4024.0,144,12,3842.3,3,5,5,13,VIP Champions,"Early access, VIP sooduskoodid",Reet,Kõiv,Reet Kõiv
4027.0,154,5,1561.03,3,5,5,13,VIP Champions,"Early access, VIP sooduskoodid",Kati,Kaalep,Kati Kaalep
4028.0,139,2,559.0,3,2,2,7,New Customers,"Onboarding, welcome-sari",Tiina,Tamm,Tiina Tamm
4029.0,45,4,667.76,5,4,3,12,Loyal Customers,"Lojaalsusprogramm, preemiad",Sander,Lass,Sander Lass
4030.0,633,1,51.58,1,1,1,3,Lost,Viimane taasaktiveerimise pakkumine,Arvo,Laas,Arvo Laas
4031.0,627,1,167.23,1,1,1,3,Lost,Viimane taasaktiveerimise pakkumine,Kristiina,Talvik,Kristiina Talvik
4032.0,410,3,1109.28,1,3,4,8,New Customers,"Onboarding, welcome-sari",Lea,Põld,Lea Põld
4033.0,112,3,1192.41,4,3,4,11,Loyal Customers,"Lojaalsusprogramm, preemiad",Külli,Nõmm,Külli Nõmm
4034.0,647,1,274.78,1,1,1,3,Lost,Viimane taasaktiveerimise pakkumine,Aivar,Hurt,Aivar Hurt
4035.0,178,2,522.22,3,2,2,7,New Customers,"Onboarding, welcome-sari",Ülle,Liiv,Ülle Liiv
4036.0,188,4,683.29,3,4,3,10,Regular Customers,Cross-sell kampaaniad,Terje,Arro,Terje Arro
4037.0,292,1,145.46,2,1,1,4,Lost,Viimane taasaktiveerimise pakkumine,Külli,Järv,Külli Järv
4038.0,71,5,2387.34,4,5,5,14,VIP Champions,"Early access, VIP sooduskoodid",Lea,Lill,Lea Lill
4039.0,384,3,1207.37,1,3,4,8,New Customers,"Onboarding, welcome-sari",Annika,Lass,Annika Lass
4040.0,114,4,850.11,4,4,3,11,Loyal Customers,"Lojaalsusprogramm, preemiad",Aili,Mägi,Aili Mägi
4041.0,464,1,311.68,1,1,1,3,Lost,Viimane taasaktiveerimise pakkumine,Terje,Kuusk,Terje Kuusk
4042.0,88,1,153.62,4,1,1,6,At Risk,"Win-back kampaania, personaliseeritud e-mail",Reet,Puusepp,Reet Puusepp
4043.0,68,4,1783.84,4,4,5,13,VIP Champions,"Early access, VIP sooduskoodid",Kati,Pihl,Kati Pihl
4044.0,153,5,804.1700000000001,3,5,3,11,Loyal Customers,"Lojaalsusprogramm, preemiad",Jüri,Talvik,Jüri Talvik
4045.0,203,6,1780.83,3,5,5,13,VIP Champions,"Early access, VIP sooduskoodid",Sigrid,Paas,Sigrid Paas
4046.0,8,2,592.39,5,2,2,9,Regular Customers,Cross-sell kampaaniad,Hille,Mägi,Hille Mägi
4047.0,144,2,140.01999999999998,3,2,1,6,At Risk,"Win-back kampaania, personaliseeritud e-mail",Grete,Kukk,Grete Kukk
4048.0,529,2,839.56,1,2,3,6,At Risk,"Win-back kampaania, personaliseeritud e-mail",Maris,Sild,Maris Sild
4050.0,61,3,1411.55,5,3,5,13,VIP Champions,"Early access, VIP sooduskoodid",Pille,Roots,Pille Roots
4051.0,5,1,317.88,5,1,1,7,New Customers,"Onboarding, welcome-sari",Peeter,Rosin,Peeter Rosin
4053.0,53,3,2037.1100000000001,5,3,5,13,VIP Champions,"Early access, VIP sooduskoodid",Kati,Teder,Kati Teder
4054.0,235,5,1277.72,2,5,4,11,Loyal Customers,"Lojaalsusprogramm, preemiad",Enn,Veski,Enn Veski
4055.0,142,5,997.52,3,5,4,12,Loyal Customers,"Lojaalsusprogramm, preemiad",Nele,Koppel,Nele Koppel
4056.0,313,2,139.27,2,2,1,5,At Risk,"Win-back kampaania, personaliseeritud e-mail",Hille,Männik,Hille Männik
4057.0,466,2,627.97,1,2,3,6,At Risk,"Win-back kampaania, personaliseeritud e-mail",Ragnar,Kull,Ragnar Kull
4058.0,325,3,613.21,2,3,3,8,New Customers,"Onboarding, welcome-sari",Ants,Liiv,Ants Liiv
4059.0,150,3,415.17,3,3,2,8,New Customers,"Onboarding, welcome-sari",Siim,Liiv,Siim Liiv
4060.0,229,2,285.56,2,2,1,5,At Risk,"Win-back kampaania, personaliseeritud e-mail",Marika,Saar,Marika Saar
4063.0,435,2,1115.91,1,2,4,7,New Customers,"Onboarding, welcome-sari",Reet,Lill,Reet Lill
4064.0,243,2,647.83,2,2,3,7,New Customers,"Onboarding, welcome-sari",Piret,Paju,Piret Paju
4065.0,397,2,168.61,1,2,1,4,Lost,Viimane taasaktiveerimise pakkumine,Kristjan,Kangur,Kristjan Kangur
4066.0,228,2,1205.43,2,2,4,8,New Customers,"Onboarding, welcome-sari",Enn,Värk,Enn Värk
4067.0,190,1,337.64,3,1,2,6,At Risk,"Win-back kampaania, personaliseeritud e-mail",Terje,Rebane,Terje Rebane
4069.0,18,3,497.29,5,3,2,10,Regular Customers,Cross-sell kampaaniad,Indrek,Arro,Indrek Arro
4070.0,239,6,1225.02,2,5,4,11,Loyal Customers,"Lojaalsusprogramm, preemiad",Kristiina,Mitt,Kristiina Mitt
4071.0,119,2,332.28,4,2,2,8,New Customers,"Onboarding, welcome-sari",Meelis,Mitt,Meelis Mitt
4072.0,199,2,590.7,3,2,2,7,New Customers,"Onboarding, welcome-sari",Jüri,Org,Jüri Org
4073.0,576,2,102.28999999999999,1,2,1,4,Lost,Viimane taasaktiveerimise pakkumine,Henri,Vaher,Henri Vaher
4074.0,41,2,603.76,5,2,2,9,Regular Customers,Cross-sell kampaaniad,Priit,Valk,Priit Valk
4075.0,620,1,549.74,1,1,2,4,Lost,Viimane taasaktiveerimise pakkumine,Väino,Orav,Väino Orav
4076.0,59,9,4219.97,5,5,5,15,VIP Champions,"Early access, VIP sooduskoodid",Merike,Kangur,Merike Kangur
4077.0,142,3,453.27,3,3,2,8,New Customers,"Onboarding, welcome-sari",Kristi,Mets,Kristi Mets
4078.0,493,2,206.85,1,2,1,4,Lost,Viimane taasaktiveerimise pakkumine,Elis,Kallas,Elis Kallas
4079.0,589,1,201.86,1,1,1,3,Lost,Viimane taasaktiveerimise pakkumine,Liina,Kuusk,Liina Kuusk
4080.0,75,4,1222.27,4,4,4,12,Loyal Customers,"Lojaalsusprogramm, preemiad",Katrin,Paas,Katrin Paas
4081.0,24,3,447.08,5,3,2,10,Regular Customers,Cross-sell kampaaniad,Madis,Lepp,Madis Lepp
4082.0,31,5,1246.99,5,5,4,14,VIP Champions,"Early access, VIP sooduskoodid",Mihkel,Tammik,Mihkel Tammik
4083.0,555,3,349.97,1,3,2,6,At Risk,"Win-back kampaania, personaliseeritud e-mail",Aivar,Mitt,Aivar Mitt
4085.0,439,3,543.0,1,3,2,6,At Risk,"Win-back kampaania, personaliseeritud e-mail",Sandra,Lill,Sandra Lill
4086.0,12,3,1000.06,5,3,4,12,Loyal Customers,"Lojaalsusprogramm, preemiad",Terje,Männik,Terje Männik
4087.0,53,3,1356.8300000000002,5,3,4,12,Loyal Customers,"Lojaalsusprogramm, preemiad",Pille,Pärn,Pille Pärn
4088.0,460,4,870.08,1,4,3,8,New Customers,"Onboarding, welcome-sari",Kristiina,Valk,Kristiina Valk
4089.0,581,1,62.56,1,1,1,3,Lost,Viimane taasaktiveerimise pakkumine,Taavi,Lill,Taavi Lill
4090.0,100,2,397.38,4,2,2,8,New Customers,"Onboarding, welcome-sari",Terje,Rosin,Terje Rosin
4095.0,25,1,327.06,5,1,1,7,New Customers,"Onboarding, welcome-sari",Ants,Järv,Ants Järv
4096.0,494,3,292.57,1,3,1,5,At Risk,"Win-back kampaania, personaliseeritud e-mail",Sandra,Lõoke,Sandra Lõoke
4097.0,549,2,496.8,1,2,2,5,At Risk,"Win-back kampaania, personaliseeritud e-mail",Tarmo,Kull,Tarmo Kull
4098.0,292,1,617.68,2,1,3,6,At Risk,"Win-back kampaania, personaliseeritud e-mail",Karin,Kask,Karin Kask
4099.0,552,1,443.78,1,1,2,4,Lost,Viimane taasaktiveerimise pakkumine,Kati,Rosin,Kati Rosin
4100.0,283,5,1206.47,2,5,4,11,Loyal Customers,"Lojaalsusprogramm, preemiad",Pille,Saar,Pille Saar
4102.0,18,3,1005.5600000000001,5,3,4,12,Loyal Customers,"Lojaalsusprogramm, preemiad",Reet,Roots,Reet Roots
4103.0,99,2,191.67000000000002,4,2,1,7,New Customers,"Onboarding, welcome-sari",Lea,Salu,Lea Salu
4104.0,206,1,114.16,3,1,1,5,At Risk,"Win-back kampaania, personaliseeritud e-mail",Aivar,Laas,Aivar Laas
4105.0,38,5,1108.15,5,5,4,14,VIP Champions,"Early access, VIP sooduskoodid",Karin,Põld,Karin Põld
4106.0,519,1,270.69,1,1,1,3,Lost,Viimane taasaktiveerimise pakkumine,Marko,Hurt,Marko Hurt
4107.0,192,3,405.76,3,3,2,8,New Customers,"Onboarding, welcome-sari",Eha,Aas,Eha Aas
4108.0,306,2,328.35,2,2,1,5,At Risk,"Win-back kampaania, personaliseeritud e-mail",Ants,Rosin,Ants Rosin
4111.0,173,1,292.61,3,1,1,5,At Risk,"Win-back kampaania, personaliseeritud e-mail",Nele,Kuusik,Nele Kuusik
4113.0,116,3,570.54,4,3,2,9,Regular Customers,Cross-sell kampaaniad,Ülle,Teder,Ülle Teder
4114.0,76,4,631.71,4,4,3,11,Loyal Customers,"Lojaalsusprogramm, preemiad",Heino,Nõmm,Heino Nõmm
4115.0,24,7,2521.85,5,5,5,15,VIP Champions,"Early access, VIP sooduskoodid",Siim,Aas,Siim Aas
4116.0,297,2,284.83000000000004,2,2,1,5,At Risk,"Win-back kampaania, personaliseeritud e-mail",Hille,Lass,Hille Lass
4117.0,424,1,299.1,1,1,1,3,Lost,Viimane taasaktiveerimise pakkumine,Jüri,Kallas,Jüri Kallas
4118.0,63,1,221.89,4,1,1,6,At Risk,"Win-back kampaania, personaliseeritud e-mail",Priit,Rand,Priit Rand
4119.0,60,7,1938.78,5,5,5,15,VIP Champions,"Early access, VIP sooduskoodid",Ago,Toom,Ago Toom
4120.0,348,5,1606.04,1,5,5,11,Loyal Customers,"Lojaalsusprogramm, preemiad",Anna,Valk,Anna Valk
4122.0,31,3,470.3,5,3,2,10,Regular Customers,Cross-sell kampaaniad,Jüri,Lepik,Jüri Lepik
4124.0,468,1,60.37,1,1,1,3,Lost,Viimane taasaktiveerimise pakkumine,Henri,Kull,Henri Kull
4125.0,380,1,279.43,1,1,1,3,Lost,Viimane taasaktiveerimise pakkumine,Sandra,Kask,Sandra Kask
4127.0,27,5,1871.99,5,5,5,15,VIP Champions,"Early access, VIP sooduskoodid",Tõnu,Rosin,Tõnu Rosin
4129.0,324,4,660.72,2,4,3,9,Regular Customers,Cross-sell kampaaniad,Marko,Mägi,Marko Mägi
4130.0,4,2,784.25,5,2,3,10,Regular Customers,Cross-sell kampaaniad,Sandra,Tammik,Sandra Tammik
4131.0,298,2,296.3,2,2,1,5,At Risk,"Win-back kampaania, personaliseeritud e-mail",Väino,Aas,Väino Aas
4132.0,35,4,1804.3,5,4,5,14,VIP Champions,"Early access, VIP sooduskoodid",Ragnar,Kukk,Ragnar Kukk
4133.0,125,2,837.5899999999999,4,2,3,9,Regular Customers,Cross-sell kampaaniad,Kevin,Raid,Kevin Raid
4134.0,247,1,74.7,2,1,1,4,Lost,Viimane taasaktiveerimise pakkumine,Ene,Aas,Ene Aas
4135.0,254,2,1198.47,2,2,4,8,New Customers,"Onboarding, welcome-sari",Mart,Kull,Mart Kull
4136.0,324,2,535.48,2,2,2,6,At Risk,"Win-back kampaania, personaliseeritud e-mail",Indrek,Kuusk,Indrek Kuusk
4137.0,305,3,1048.65,2,3,4,9,Regular Customers,Cross-sell kampaaniad,Rain,Sild,Rain Sild
4138.0,318,4,637.64,2,4,3,9,Regular Customers,Cross-sell kampaaniad,Rasmus,Must,Rasmus Must
4139.0,10,2,259.76,5,2,1,8,New Customers,"Onboarding, welcome-sari",Kristiina,Männik,Kristiina Männik
4140.0,331,2,588.63,2,2,2,6,At Risk,"Win-back kampaania, personaliseeritud e-mail",Urmas,Mägi,Urmas Mägi
4141.0,186,5,1925.8600000000001,3,5,5,13,VIP Champions,"Early access, VIP sooduskoodid",Merle,Tamm,Merle Tamm
4142.0,91,2,1189.47,4,2,4,10,Regular Customers,Cross-sell kampaaniad,Jaak,Rand,Jaak Rand
4144.0,168,6,2084.28,3,5,5,13,VIP Champions,"Early access, VIP sooduskoodid",Nele,Nurk,Nele Nurk
4145.0,104,4,922.89,4,4,3,11,Loyal Customers,"Lojaalsusprogramm, preemiad",Nele,Valk,Nele Valk
4146.0,577,3,1505.4,1,3,5,9,Regular Customers,Cross-sell kampaaniad,Elis,Kuusk,Elis Kuusk
4147.0,440,1,368.14,1,1,2,4,Lost,Viimane taasaktiveerimise pakkumine,Tõnu,Koppel,Tõnu Koppel
4148.0,61,1,125.98,5,1,1,7,New Customers,"Onboarding, welcome-sari",Laura,Pihl,Laura Pihl
4149.0,28,5,1963.82,5,5,5,15,VIP Champions,"Early access, VIP sooduskoodid",Triin,Lõhmus,Triin Lõhmus
4150.0,254,6,1063.21,2,5,4,11,Loyal Customers,"Lojaalsusprogramm, preemiad",Kaido,Roots,Kaido Roots
4151.0,588,1,53.24,1,1,1,3,Lost,Viimane taasaktiveerimise pakkumine,Sigrid,Oja,Sigrid Oja
4153.0,77,2,532.05,4,2,2,8,New Customers,"Onboarding, welcome-sari",Raivo,Raid,Raivo Raid
4155.0,21,2,866.84,5,2,3,10,Regular Customers,Cross-sell kampaaniad,Kristjan,Ilves,Kristjan Ilves
4156.0,536,1,324.38,1,1,1,3,Lost,Viimane taasaktiveerimise pakkumine,Enn,Org,Enn Org
4157.0,206,3,1727.42,3,3,5,11,Loyal Customers,"Lojaalsusprogramm, preemiad",Margus,Liiv,Margus Liiv
4158.0,148,3,1170.0500000000002,3,3,4,10,Regular Customers,Cross-sell kampaaniad,Lauri,Roots,Lauri Roots
4159.0,284,1,171.33,2,1,1,4,Lost,Viimane taasaktiveerimise pakkumine,Urmas,Lepp,Urmas Lepp
4160.0,41,7,3559.3900000000003,5,5,5,15,VIP Champions,"Early access, VIP sooduskoodid",Ülle,Vaher,Ülle Vaher
4161.0,143,1,430.26,3,1,2,6,At Risk,"Win-back kampaania, personaliseeritud e-mail",Enn,Kuusk,Enn Kuusk
4162.0,120,1,140.02,4,1,1,6,At Risk,"Win-back kampaania, personaliseeritud e-mail",Sigrid,Nõmm,Sigrid Nõmm
4163.0,47,1,257.32,5,1,1,7,New Customers,"Onboarding, welcome-sari",Elis,Rand,Elis Rand
4164.0,294,4,1441.99,2,4,5,11,Loyal Customers,"Lojaalsusprogramm, preemiad",Hille,Lepik,Hille Lepik
4166.0,222,3,332.70000000000005,2,3,2,7,New Customers,"Onboarding, welcome-sari",Siim,Kask,Siim Kask
4167.0,472,6,1475.97,1,5,5,11,Loyal Customers,"Lojaalsusprogramm, preemiad",Meelis,Kuusik,Meelis Kuusik
4168.0,29,2,927.11,5,2,3,10,Regular Customers,Cross-sell kampaaniad,Priit,Lass,Priit Lass
4169.0,84,2,531.77,4,2,2,8,New Customers,"Onboarding, welcome-sari",Külli,Mägi,Külli Mägi
4170.0,299,2,288.0,2,2,1,5,At Risk,"Win-back kampaania, personaliseeritud e-mail",Mart,Mägi,Mart Mägi
4171.0,176,2,581.2,3,2,2,7,New Customers,"Onboarding, welcome-sari",Aivar,Teder,Aivar Teder
4173.0,208,3,715.9,3,3,3,9,Regular Customers,Cross-sell kampaaniad,Marika,Arro,Marika Arro
4174.0,62,4,557.84,4,4,2,10,Regular Customers,Cross-sell kampaaniad,Priit,Roots,Priit Roots
4175.0,426,3,831.13,1,3,3,7,New Customers,"Onboarding, welcome-sari",Meelis,Mets,Meelis Mets
4176.0,122,6,2828.68,4,5,5,14,VIP Champions,"Early access, VIP sooduskoodid",Triin,Tammik,Triin Tammik
4177.0,77,6,753.47,4,5,3,12,Loyal Customers,"Lojaalsusprogramm, preemiad",Taavi,Järv,Taavi Järv
4178.0,13,63,18999.67,5,5,5,15,VIP Champions,"Early access, VIP sooduskoodid",Ago,Lõoke,Ago Lõoke
4179.0,330,2,814.85,2,2,3,7,New Customers,"Onboarding, welcome-sari",Katrin,Kaalep,Katrin Kaalep
4180.0,186,1,167.94,3,1,1,5,At Risk,"Win-back kampaania, personaliseeritud e-mail",Grete,Rand,Grete Rand
4181.0,380,2,275.73,1,2,1,4,Lost,Viimane taasaktiveerimise pakkumine,Katrin,Kivi,Katrin Kivi
4182.0,515,1,642.2,1,1,3,5,At Risk,"Win-back kampaania, personaliseeritud e-mail",Indrek,Tamm,Indrek Tamm
4184.0,297,4,1482.3600000000001,2,4,5,11,Loyal Customers,"Lojaalsusprogramm, preemiad",Erkki,Valk,Erkki Valk
4185.0,35,2,1327.98,5,2,4,11,Loyal Customers,"Lojaalsusprogramm, preemiad",Madis,Pihl,Madis Pihl
4186.0,637,1,83.97,1,1,1,3,Lost,Viimane taasaktiveerimise pakkumine,Rasmus,Mägi,Rasmus Mägi
4187.0,84,1,204.87,4,1,1,6,At Risk,"Win-back kampaania, personaliseeritud e-mail",Marko,Rosin,Marko Rosin
4188.0,220,2,585.72,2,2,2,6,At Risk,"Win-back kampaania, personaliseeritud e-mail",Rain,Laas,Rain Laas
4189.0,69,1,626.16,4,1,3,8,New Customers,"Onboarding, welcome-sari",Arvo,Salu,Arvo Salu
4190.0,85,4,2048.3199999999997,4,4,5,13,VIP Champions,"Early access, VIP sooduskoodid",Kevin,Hurt,Kevin Hurt
4191.0,194,5,1617.61,3,5,5,13,VIP Champions,"Early access, VIP sooduskoodid",Ülle,Toom,Ülle Toom
4192.0,148,3,687.69,3,3,3,9,Regular Customers,Cross-sell kampaaniad,Maie,Mägi,Maie Mägi
4193.0,443,4,546.73,1,4,2,7,New Customers,"Onboarding, welcome-sari",Heli,Põld,Heli Põld
4194.0,248,2,1065.28,2,2,4,8,New Customers,"Onboarding, welcome-sari",Priit,Lill,Priit Lill
4195.0,9,3,644.88,5,3,3,11,Loyal Customers,"Lojaalsusprogramm, preemiad",Annika,Sild,Annika Sild
4196.0,59,2,826.63,5,2,3,10,Regular Customers,Cross-sell kampaaniad,Taavi,Puusepp,Taavi Puusepp
4198.0,77,5,2021.9900000000002,4,5,5,14,VIP Champions,"Early access, VIP sooduskoodid",Reet,Kuusik,Reet Kuusik
4199.0,2,1,503.04,5,1,2,8,New Customers,"Onboarding, welcome-sari",Grete,Rand,Grete Rand
4200.0,91,3,504.03,4,3,2,9,Regular Customers,Cross-sell kampaaniad,Kristi,Mets,Kristi Mets
4201.0,7,2,187.12,5,2,1,8,New Customers,"Onboarding, welcome-sari",Marika,Mitt,Marika Mitt
4202.0,264,1,296.4,2,1,1,4,Lost,Viimane taasaktiveerimise pakkumine,Ene,Rand,Ene Rand
4203.0,159,3,1080.4499999999998,3,3,4,10,Regular Customers,Cross-sell kampaaniad,Siim,Koppel,Siim Koppel
4205.0,350,7,2524.59,1,5,5,11,Loyal Customers,"Lojaalsusprogramm, preemiad",Kristi,Aas,Kristi Aas
4206.0,0,69,21916.75,5,5,5,15,VIP Champions,"Early access, VIP sooduskoodid",Kersti,Lill,Kersti Lill
4207.0,105,6,2079.9,4,5,5,14,VIP Champions,"Early access, VIP sooduskoodid",Kadri,Must,Kadri Must
4208.0,244,2,345.79,2,2,2,6,At Risk,"Win-back kampaania, personaliseeritud e-mail",Mihkel,Lõhmus,Mihkel Lõhmus
4209.0,239,1,416.7,2,1,2,5,At Risk,"Win-back kampaania, personaliseeritud e-mail",Kristiina,Oja,Kristiina Oja
4210.0,71,5,1042.96,4,5,4,13,VIP Champions,"Early access, VIP sooduskoodid",Arvo,Roots,Arvo Roots
4212.0,41,8,1446.04,5,5,5,15,VIP Champions,"Early access, VIP sooduskoodid",Kalev,Saar,Kalev Saar
4213.0,222,3,755.1700000000001,2,3,3,8,New Customers,"Onboarding, welcome-sari",Ants,Hurt,Ants Hurt
4214.0,276,2,443.45,2,2,2,6,At Risk,"Win-back kampaania, personaliseeritud e-mail",Marko,Paju,Marko Paju
4215.0,644,1,509.85,1,1,2,4,Lost,Viimane taasaktiveerimise pakkumine,Henri,Valk,Henri Valk
4217.0,418,4,2216.37,1,4,5,10,Regular Customers,Cross-sell kampaaniad,Mart,Kuusik,Mart Kuusik
4218.0,242,2,524.5699999999999,2,2,2,6,At Risk,"Win-back kampaania, personaliseeritud e-mail",Taavi,Liiv,Taavi Liiv
4219.0,221,4,983.3900000000001,2,4,4,10,Regular Customers,Cross-sell kampaaniad,Merle,Kuusk,Merle Kuusk
4220.0,8,6,1970.4199999999998,5,5,5,15,VIP Champions,"Early access, VIP sooduskoodid",Kadri,Kukk,Kadri Kukk
4221.0,246,3,1016.8299999999999,2,3,4,9,Regular Customers,Cross-sell kampaaniad,Madis,Kõiv,Madis Kõiv
4222.0,139,1,573.68,3,1,2,6,At Risk,"Win-back kampaania, personaliseeritud e-mail",Peeter,Rebane,Peeter Rebane
4224.0,351,2,304.61,1,2,1,4,Lost,Viimane taasaktiveerimise pakkumine,Riina,Valk,Riina Valk
4226.0,448,2,855.58,1,2,3,6,At Risk,"Win-back kampaania, personaliseeritud e-mail",Ago,Kallas,Ago Kallas
4227.0,380,3,1578.26,1,3,5,9,Regular Customers,Cross-sell kampaaniad,Lea,Nurk,Lea Nurk
4229.0,312,6,3202.03,2,5,5,12,Loyal Customers,"Lojaalsusprogramm, preemiad",Maris,Luik,Maris Luik
4230.0,80,6,2328.05,4,5,5,14,VIP Champions,"Early access, VIP sooduskoodid",Lauri,Männik,Lauri Männik
4232.0,15,5,1052.07,5,5,4,14,VIP Champions,"Early access, VIP sooduskoodid",Siim,Mägi,Siim Mägi
4234.0,421,2,273.69,1,2,1,4,Lost,Viimane taasaktiveerimise pakkumine,Ragnar,Lill,Ragnar Lill
4235.0,116,3,673.1600000000001,4,4,3,11,Loyal Customers,"Lojaalsusprogramm, preemiad",Erkki,Tammik,Erkki Tammik
4238.0,190,3,1388.06,3,4,4,11,Loyal Customers,"Lojaalsusprogramm, preemiad",Elis,Laas,Elis Laas
4239.0,566,5,993.57,1,5,4,10,Regular Customers,Cross-sell kampaaniad,Tarmo,Laas,Tarmo Laas
4240.0,29,3,796.53,5,4,3,12,Loyal Customers,"Lojaalsusprogramm, preemiad",Taavi,Vaher,Taavi Vaher
4241.0,734,1,169.08,1,1,1,3,Lost,Viimane taasaktiveerimise pakkumine,Arvo,Mägi,Arvo Mägi
4242.0,129,4,1363.81,3,4,4,11,Loyal Customers,"Lojaalsusprogramm, preemiad",Kevin,Paju,Kevin Paju
4243.0,209,4,1041.03,2,4,4,10,Regular Customers,Cross-sell kampaaniad,Piret,Rebane,Piret Rebane
4244.0,708,1,191.61,1,1,1,3,Lost,Viimane taasaktiveerimise pakkumine,Ene,Lass,Ene Lass
4245.0,133,7,2097.78,3,5,5,13,VIP Champions,"Early access, VIP sooduskoodid",Indrek,Aas,Indrek Aas
4246.0,254,1,90.8,2,1,1,4,Lost,Viimane taasaktiveerimise pakkumine,Sandra,Lill,Sandra Lill
4248.0,140,2,1093.44,3,2,4,9,Regular Customers,Cross-sell kampaaniad,Toomas,Toom,Toomas Toom
4249.0,271,3,838.5600000000001,2,4,3,9,Regular Customers,Cross-sell kampaaniad,Piret,Vaher,Piret Vaher
4250.0,8,1,55.04,5,1,1,7,New Customers,"Onboarding, welcome-sari",Triin,Rosin,Triin Rosin
4251.0,232,3,899.26,2,4,3,9,Regular Customers,Cross-sell kampaaniad,Heli,Puusepp,Heli Puusepp
4252.0,155,3,816.89,3,4,3,10,Regular Customers,Cross-sell kampaaniad,Katrin,Kaalep,Katrin Kaalep
4253.0,19,2,588.85,5,2,2,9,Regular Customers,Cross-sell kampaaniad,Henri,Puusepp,Henri Puusepp
4254.0,237,1,269.88,2,1,1,4,Lost,Viimane taasaktiveerimise pakkumine,Heli,Org,Heli Org
4255.0,335,4,2594.2699999999995,1,4,5,10,Regular Customers,Cross-sell kampaaniad,Liis,Mägi,Liis Mägi
4256.0,68,2,1033.56,4,2,4,10,Regular Customers,Cross-sell kampaaniad,Kristiina,Lill,Kristiina Lill
4257.0,120,1,602.31,4,1,2,7,New Customers,"Onboarding, welcome-sari",Väino,Tamm,Väino Tamm
4258.0,313,2,518.63,2,2,2,6,At Risk,"Win-back kampaania, personaliseeritud e-mail",Toomas,Kangur,Toomas Kangur
4259.0,219,10,2546.41,2,5,5,12,Loyal Customers,"Lojaalsusprogramm, preemiad",Annika,Paas,Annika Paas
4260.0,97,6,864.75,4,5,3,12,Loyal Customers,"Lojaalsusprogramm, preemiad",Riina,Koppel,Riina Koppel
4261.0,173,6,1873.04,3,5,5,13,VIP Champions,"Early access, VIP sooduskoodid",Mart,Kallas,Mart Kallas
4262.0,264,2,362.97,2,2,2,6,At Risk,"Win-back kampaania, personaliseeritud e-mail",Erkki,Rand,Erkki Rand
4263.0,100,3,474.44,4,4,2,10,Regular Customers,Cross-sell kampaaniad,Külli,Tamm,Külli Tamm
4264.0,150,2,93.28999999999999,3,2,1,6,At Risk,"Win-back kampaania, personaliseeritud e-mail",Kalev,Kukk,Kalev Kukk
4265.0,356,2,212.82,1,2,1,4,Lost,Viimane taasaktiveerimise pakkumine,Aili,Sepp,Aili Sepp
4266.0,389,4,1243.03,1,4,4,9,Regular Customers,Cross-sell kampaaniad,Kadri,Kuusk,Kadri Kuusk
4267.0,79,1,50.77,4,1,1,6,At Risk,"Win-back kampaania, personaliseeritud e-mail",Sirje,Roots,Sirje Roots
4268.0,500,1,408.9,1,1,2,4,Lost,Viimane taasaktiveerimise pakkumine,Ants,Mets,Ants Mets
4269.0,96,4,957.55,4,4,4,12,Loyal Customers,"Lojaalsusprogramm, preemiad",Maie,Mets,Maie Mets
4270.0,10,4,750.7,5,4,3,12,Loyal Customers,"Lojaalsusprogramm, preemiad",Annika,Kangur,Annika Kangur
4271.0,606,2,1136.38,1,2,4,7,New Customers,"Onboarding, welcome-sari",Madis,Rand,Madis Rand
4273.0,183,1,234.99,3,1,1,5,At Risk,"Win-back kampaania, personaliseeritud e-mail",Kadri,Lill,Kadri Lill
4274.0,196,3,530.09,3,4,2,9,Regular Customers,Cross-sell kampaaniad,Andres,Männik,Andres Männik
4276.0,166,3,492.54,3,4,2,9,Regular Customers,Cross-sell kampaaniad,Marit,Kuusik,Marit Kuusik
4277.0,7,3,857.0300000000001,5,4,3,12,Loyal Customers,"Lojaalsusprogramm, preemiad",Ragnar,Raud,Ragnar Raud
4279.0,255,4,1036.5700000000002,2,4,4,10,Regular Customers,Cross-sell kampaaniad,Ülle,Raid,Ülle Raid
4280.0,20,4,1305.22,5,4,4,13,VIP Champions,"Early access, VIP sooduskoodid",Raivo,Lass,Raivo Lass
4281.0,538,2,107.63,1,2,1,4,Lost,Viimane taasaktiveerimise pakkumine,Heli,Värk,Heli Värk
4282.0,25,1,269.88,5,1,1,7,New Customers,"Onboarding, welcome-sari",Siim,Kuusik,Siim Kuusik
4283.0,21,2,253.36,5,2,1,8,New Customers,"Onboarding, welcome-sari",Kalev,Liiv,Kalev Liiv
4284.0,163,2,337.08,3,2,2,7,New Customers,"Onboarding, welcome-sari",Henri,Toom,Henri Toom
4285.0,253,3,896.4,2,4,3,9,Regular Customers,Cross-sell kampaaniad,Merike,Roots,Merike Roots
4286.0,179,7,3708.37,3,5,5,13,VIP Champions,"Early access, VIP sooduskoodid",Anna,Org,Anna Org
4287.0,548,3,1080.91,1,4,4,9,Regular Customers,Cross-sell kampaaniad,Pille,Pärn,Pille Pärn
4288.0,85,6,2384.6899999999996,4,5,5,14,VIP Champions,"Early access, VIP sooduskoodid",Kevin,Rand,Kevin Rand
4290.0,33,2,472.33,5,2,2,9,Regular Customers,Cross-sell kampaaniad,Liis,Koppel,Liis Koppel
4291.0,329,3,347.43,2,4,2,8,New Customers,"Onboarding, welcome-sari",Karin,Koppel,Karin Koppel
4292.0,82,2,462.1,4,2,2,8,New Customers,"Onboarding, welcome-sari",Kristjan,Puusepp,Kristjan Puusepp
4293.0,73,4,1719.52,4,4,5,13,VIP Champions,"Early access, VIP sooduskoodid",Jüri,Valk,Jüri Valk
4294.0,74,8,1781.05,4,5,5,14,VIP Champions,"Early access, VIP sooduskoodid",Ago,Lepp,Ago Lepp
4295.0,60,3,283.67,5,4,1,10,Regular Customers,Cross-sell kampaaniad,Meelis,Kangur,Meelis Kangur
4297.0,9,2,1000.3600000000001,5,2,4,11,Loyal Customers,"Lojaalsusprogramm, preemiad",Toomas,Puusepp,Toomas Puusepp
4299.0,461,1,615.66,1,1,3,5,At Risk,"Win-back kampaania, personaliseeritud e-mail",Hille,Sild,Hille Sild
4300.0,273,1,219.19,2,1,1,4,Lost,Viimane taasaktiveerimise pakkumine,Väino,Põld,Väino Põld
4301.0,105,4,326.55,4,4,1,9,Regular Customers,Cross-sell kampaaniad,Liis,Arro,Liis Arro
4303.0,216,1,31.65,2,1,1,4,Lost,Viimane taasaktiveerimise pakkumine,Elis,Nurk,Elis Nurk
4304.0,117,2,1383.0600000000002,4,2,4,10,Regular Customers,Cross-sell kampaaniad,Jaak,Liiv,Jaak Liiv
4306.0,412,1,290.32,1,1,1,3,Lost,Viimane taasaktiveerimise pakkumine,Kristiina,Lepp,Kristiina Lepp
4307.0,98,5,1797.99,4,5,5,14,VIP Champions,"Early access, VIP sooduskoodid",Merike,Rebane,Merike Rebane
4308.0,443,2,568.46,1,2,2,5,At Risk,"Win-back kampaania, personaliseeritud e-mail",Terje,Teder,Terje Teder
4309.0,388,2,254.12,1,2,1,4,Lost,Viimane taasaktiveerimise pakkumine,Reet,Saar,Reet Saar
4310.0,142,6,1215.88,3,5,4,12,Loyal Customers,"Lojaalsusprogramm, preemiad",Priit,Lill,Priit Lill
4311.0,110,4,1425.02,4,4,5,13,VIP Champions,"Early access, VIP sooduskoodid",Ene,Männik,Ene Männik
4312.0,149,7,1254.04,3,5,4,12,Loyal Customers,"Lojaalsusprogramm, preemiad",Erkki,Hurt,Erkki Hurt
4313.0,637,1,121.51,1,1,1,3,Lost,Viimane taasaktiveerimise pakkumine,Jaak,Rebane,Jaak Rebane
4314.0,33,7,1953.47,5,5,5,15,VIP Champions,"Early access, VIP sooduskoodid",Arvo,Lill,Arvo Lill
4315.0,334,3,932.3100000000001,2,4,3,9,Regular Customers,Cross-sell kampaaniad,Tarmo,Hurt,Tarmo Hurt
4316.0,86,6,1419.96,4,5,5,14,VIP Champions,"Early access, VIP sooduskoodid",Reet,Talvik,Reet Talvik
4317.0,80,5,1171.29,4,5,4,13,VIP Champions,"Early access, VIP sooduskoodid",Annika,Pihl,Annika Pihl
4318.0,683,1,270.69,1,1,1,3,Lost,Viimane taasaktiveerimise pakkumine,Sander,Nõmm,Sander Nõmm
4319.0,356,3,792.49,1,4,3,8,New Customers,"Onboarding, welcome-sari",Sigrid,Kivi,Sigrid Kivi
4321.0,303,4,864.9300000000001,2,4,3,9,Regular Customers,Cross-sell kampaaniad,Karin,Mets,Karin Mets
4322.0,48,5,1812.3600000000001,5,5,5,15,VIP Champions,"Early access, VIP sooduskoodid",Anna,Kuusk,Anna Kuusk
4323.0,231,3,285.11,2,4,1,7,New Customers,"Onboarding, welcome-sari",Väino,Kaalep,Väino Kaalep
4324.0,255,3,540.79,2,4,2,8,New Customers,"Onboarding, welcome-sari",Toomas,Arro,Toomas Arro
4325.0,62,1,127.92,4,1,1,6,At Risk,"Win-back kampaania, personaliseeritud e-mail",Ene,Org,Ene Org
4326.0,54,2,443.11,5,2,2,9,Regular Customers,Cross-sell kampaaniad,Henri,Pihl,Henri Pihl
4327.0,173,4,991.99,3,4,4,11,Loyal Customers,"Lojaalsusprogramm, preemiad",Jüri,Salu,Jüri Salu
4328.0,62,3,1585.63,4,4,5,13,VIP Champions,"Early access, VIP sooduskoodid",Kristi,Rand,Kristi Rand
4330.0,108,5,1479.62,4,5,5,14,VIP Champions,"Early access, VIP sooduskoodid",Tarmo,Puusepp,Tarmo Puusepp
4331.0,43,1,314.55,5,1,1,7,New Customers,"Onboarding, welcome-sari",Liis,Kuusik,Liis Kuusik
4333.0,129,2,415.28,3,2,2,7,New Customers,"Onboarding, welcome-sari",Kristiina,Pärn,Kristiina Pärn
4334.0,10,31,8116.51,5,5,5,15,VIP Champions,"Early access, VIP sooduskoodid",Priit,Järv,Priit Järv
4335.0,176,2,234.63,3,2,1,6,At Risk,"Win-back kampaania, personaliseeritud e-mail",Rasmus,Lass,Rasmus Lass
4336.0,283,1,444.2,2,1,2,5,At Risk,"Win-back kampaania, personaliseeritud e-mail",Eha,Saar,Eha Saar
4337.0,232,2,196.13,2,2,1,5,At Risk,"Win-back kampaania, personaliseeritud e-mail",Hille,Kuusk,Hille Kuusk
4338.0,125,3,769.74,4,4,3,11,Loyal Customers,"Lojaalsusprogramm, preemiad",Merle,Luik,Merle Luik
4339.0,37,1,178.58,5,1,1,7,New Customers,"Onboarding, welcome-sari",Triin,Koppel,Triin Koppel
4340.0,642,2,1451.8799999999999,1,2,5,8,New Customers,"Onboarding, welcome-sari",Piret,Saar,Piret Saar
4341.0,154,2,835.75,3,2,3,8,New Customers,"Onboarding, welcome-sari",Kati,Paas,Kati Paas
4342.0,68,5,1268.9,4,5,4,13,VIP Champions,"Early access, VIP sooduskoodid",Ülle,Saar,Ülle Saar
4343.0,203,3,722.87,3,4,3,10,Regular Customers,Cross-sell kampaaniad,Enn,Paas,Enn Paas
4345.0,311,2,571.21,2,2,2,6,At Risk,"Win-back kampaania, personaliseeritud e-mail",Peeter,Orav,Peeter Orav
4346.0,59,7,2369.11,5,5,5,15,VIP Champions,"Early access, VIP sooduskoodid",Arvo,Pärn,Arvo Pärn
4347.0,71,1,219.24,4,1,1,6,At Risk,"Win-back kampaania, personaliseeritud e-mail",Triin,Koppel,Triin Koppel
4348.0,501,2,394.66,1,2,2,5,At Risk,"Win-back kampaania, personaliseeritud e-mail",Riina,Aas,Riina Aas
4349.0,328,4,965.98,2,4,4,10,Regular Customers,Cross-sell kampaaniad,Sandra,Värk,Sandra Värk
4350.0,204,2,448.54,3,2,2,7,New Customers,"Onboarding, welcome-sari",Aili,Kull,Aili Kull
4352.0,350,2,1336.55,1,2,4,7,New Customers,"Onboarding, welcome-sari",Tiit,Oja,Tiit Oja
4354.0,279,1,218.54,2,1,1,4,Lost,Viimane taasaktiveerimise pakkumine,Kristiina,Kask,Kristiina Kask
4355.0,174,3,1596.9,3,4,5,12,Loyal Customers,"Lojaalsusprogramm, preemiad",Arvo,Talvik,Arvo Talvik
4357.0,244,5,947.2,2,5,4,11,Loyal Customers,"Lojaalsusprogramm, preemiad",Marika,Orav,Marika Orav
4358.0,0,3,492.55,5,4,2,11,Loyal Customers,"Lojaalsusprogramm, preemiad",Arvo,Vaher,Arvo Vaher
4360.0,115,2,840.36,4,2,3,9,Regular Customers,Cross-sell kampaaniad,Kristiina,Veski,Kristiina Veski
4361.0,28,3,1855.5,5,4,5,14,VIP Champions,"Early access, VIP sooduskoodid",Erkki,Veski,Erkki Veski
4362.0,494,1,141.05,1,1,1,3,Lost,Viimane taasaktiveerimise pakkumine,Ene,Nõmm,Ene Nõmm
4363.0,43,3,1745.1599999999999,5,4,5,14,VIP Champions,"Early access, VIP sooduskoodid",Eha,Ilves,Eha Ilves
4364.0,226,5,708.18,2,5,3,10,Regular Customers,Cross-sell kampaaniad,Piret,Kallas,Piret Kallas
4365.0,30,7,2305.84,5,5,5,15,VIP Champions,"Early access, VIP sooduskoodid",Jüri,Sild,Jüri Sild
4366.0,216,3,520.1600000000001,2,4,2,8,New Customers,"Onboarding, welcome-sari",Kristiina,Lill,Kristiina Lill
4367.0,592,2,685.86,1,2,3,6,At Risk,"Win-back kampaania, personaliseeritud e-mail",Grete,Koppel,Grete Koppel
4368.0,85,5,2691.07,4,5,5,14,VIP Champions,"Early access, VIP sooduskoodid",Elis,Veski,Elis Veski
4370.0,717,1,339.21,1,1,2,4,Lost,Viimane taasaktiveerimise pakkumine,Henri,Pärn,Henri Pärn
4372.0,234,4,1264.53,2,4,4,10,Regular Customers,Cross-sell kampaaniad,Triin,Ilves,Triin Ilves
4373.0,87,5,2264.34,4,5,5,14,VIP Champions,"Early access, VIP sooduskoodid",Ülle,Org,Ülle Org
4376.0,59,4,1005.9499999999999,5,4,4,13,VIP Champions,"Early access, VIP sooduskoodid",Kristjan,Sild,Kristjan Sild
4377.0,611,1,831.35,1,1,3,5,At Risk,"Win-back kampaania, personaliseeritud e-mail",Indrek,Teder,Indrek Teder
4378.0,153,3,1166.58,3,4,4,11,Loyal Customers,"Lojaalsusprogramm, preemiad",Merike,Mets,Merike Mets
4379.0,491,1,218.54,1,1,1,3,Lost,Viimane taasaktiveerimise pakkumine,Külli,Liiv,Külli Liiv
4380.0,174,4,802.0,3,4,3,10,Regular Customers,Cross-sell kampaaniad,Madis,Hurt,Madis Hurt
4381.0,245,2,664.41,2,2,3,7,New Customers,"Onboarding, welcome-sari",Heino,Kaalep,Heino Kaalep
4383.0,63,4,548.4300000000001,4,4,2,10,Regular Customers,Cross-sell kampaaniad,Arvo,Paju,Arvo Paju
4384.0,181,4,434.44,3,4,2,9,Regular Customers,Cross-sell kampaaniad,Kristi,Järv,Kristi Järv
4385.0,119,2,579.6,4,2,2,8,New Customers,"Onboarding, welcome-sari",Rein,Paas,Rein Paas
4387.0,412,1,84.54,1,1,1,3,Lost,Viimane taasaktiveerimise pakkumine,Aili,Lass,Aili Lass
4388.0,85,4,1866.42,4,4,5,13,VIP Champions,"Early access, VIP sooduskoodid",Lea,Lill,Lea Lill
4389.0,10,1,157.49,5,1,1,7,New Customers,"Onboarding, welcome-sari",Kaido,Luik,Kaido Luik
4390.0,195,4,1147.79,3,4,4,11,Loyal Customers,"Lojaalsusprogramm, preemiad",Triin,Mitt,Triin Mitt
4391.0,62,1,713.14,4,1,3,8,New Customers,"Onboarding, welcome-sari",Annika,Aas,Annika Aas
4392.0,66,5,1779.1100000000001,4,5,5,14,VIP Champions,"Early access, VIP sooduskoodid",Piret,Kivi,Piret Kivi
4394.0,139,5,1361.25,3,5,4,12,Loyal Customers,"Lojaalsusprogramm, preemiad",Sander,Männik,Sander Männik
4395.0,117,4,1226.6,4,4,4,12,Loyal Customers,"Lojaalsusprogramm, preemiad",Taavi,Koppel,Taavi Koppel
4396.0,81,5,3306.1,4,5,5,14,VIP Champions,"Early access, VIP sooduskoodid",Maie,Tammik,Maie Tammik
4398.0,3,4,1536.61,5,4,5,14,VIP Champions,"Early access, VIP sooduskoodid",Rasmus,Must,Rasmus Must
4399.0,9,1,196.56,5,1,1,7,New Customers,"Onboarding, welcome-sari",Priit,Saar,Priit Saar
4400.0,11,7,1806.37,5,5,5,15,VIP Champions,"Early access, VIP sooduskoodid",Mihkel,Kask,Mihkel Kask
4401.0,443,3,359.53999999999996,1,4,2,7,New Customers,"Onboarding, welcome-sari",Margus,Nurk,Margus Nurk
4402.0,140,1,130.02,3,1,1,5,At Risk,"Win-back kampaania, personaliseeritud e-mail",Pille,Mets,Pille Mets
4403.0,137,1,437.98,3,1,2,6,At Risk,"Win-back kampaania, personaliseeritud e-mail",Madis,Tammik,Madis Tammik
4404.0,173,4,591.85,3,4,2,9,Regular Customers,Cross-sell kampaaniad,Heino,Nõmm,Heino Nõmm
4407.0,79,2,744.4200000000001,4,2,3,9,Regular Customers,Cross-sell kampaaniad,Henri,Mets,Henri Mets
4408.0,704,1,17.97,1,1,1,3,Lost,Viimane taasaktiveerimise pakkumine,Kristi,Koppel,Kristi Koppel
4409.0,220,3,425.90999999999997,2,4,2,8,New Customers,"Onboarding, welcome-sari",Indrek,Pihl,Indrek Pihl
4410.0,72,7,1129.48,4,5,4,13,VIP Champions,"Early access, VIP sooduskoodid",Jaak,Nõmm,Jaak Nõmm
4411.0,58,1,147.16,5,1,1,7,New Customers,"Onboarding, welcome-sari",Reet,Puusepp,Reet Puusepp
4412.0,38,5,2184.75,5,5,5,15,VIP Champions,"Early access, VIP sooduskoodid",Nele,Talvik,Nele Talvik
4413.0,341,2,294.27,1,2,1,4,Lost,Viimane taasaktiveerimise pakkumine,Ago,Tammik,Ago Tammik
4414.0,614,2,163.37,1,2,1,4,Lost,Viimane taasaktiveerimise pakkumine,Pille,Oja,Pille Oja
4415.0,21,1,145.46,5,1,1,7,New Customers,"Onboarding, welcome-sari",Merike,Kuusk,Merike Kuusk
4417.0,224,3,646.84,2,4,3,9,Regular Customers,Cross-sell kampaaniad,Ants,Ilves,Ants Ilves
4418.0,104,6,2499.2000000000003,4,5,5,14,VIP Champions,"Early access, VIP sooduskoodid",Margus,Nõmm,Margus Nõmm
4419.0,496,6,1946.21,1,5,5,11,Loyal Customers,"Lojaalsusprogramm, preemiad",Kati,Kuusik,Kati Kuusik
4422.0,554,4,1016.75,1,4,4,9,Regular Customers,Cross-sell kampaaniad,Rain,Kull,Rain Kull
4423.0,177,3,416.73999999999995,3,4,2,9,Regular Customers,Cross-sell kampaaniad,Marika,Tamm,Marika Tamm
4424.0,346,2,252.25,1,2,1,4,Lost,Viimane taasaktiveerimise pakkumine,Meelis,Arro,Meelis Arro
4426.0,61,4,1240.67,5,4,4,13,VIP Champions,"Early access, VIP sooduskoodid",Peeter,Koppel,Peeter Koppel
4427.0,260,7,1620.64,2,5,5,12,Loyal Customers,"Lojaalsusprogramm, preemiad",Laura,Lõhmus,Laura Lõhmus
4428.0,588,2,996.81,1,2,4,7,New Customers,"Onboarding, welcome-sari",Tiit,Koppel,Tiit Koppel
4429.0,40,4,1008.27,5,4,4,13,VIP Champions,"Early access, VIP sooduskoodid",Sirje,Liiv,Sirje Liiv
4430.0,39,1,327.28,5,1,1,7,New Customers,"Onboarding, welcome-sari",Väino,Põld,Väino Põld
4431.0,434,5,1647.94,1,5,5,11,Loyal Customers,"Lojaalsusprogramm, preemiad",Ragnar,Ilves,Ragnar Ilves
4432.0,89,5,802.4499999999999,4,5,3,12,Loyal Customers,"Lojaalsusprogramm, preemiad",Kati,Rand,Kati Rand
4433.0,650,1,55.04,1,1,1,3,Lost,Viimane taasaktiveerimise pakkumine,Mart,Värk,Mart Värk
4434.0,534,1,181.68,1,1,1,3,Lost,Viimane taasaktiveerimise pakkumine,Urmas,Põld,Urmas Põld
4436.0,132,2,635.62,3,2,3,8,New Customers,"Onboarding, welcome-sari",Andres,Kask,Andres Kask
4437.0,228,2,549.02,2,2,2,6,At Risk,"Win-back kampaania, personaliseeritud e-mail",Sigrid,Sild,Sigrid Sild
4438.0,91,4,284.25,4,4,1,9,Regular Customers,Cross-sell kampaaniad,Ants,Lõhmus,Ants Lõhmus
4439.0,152,5,1439.3500000000001,3,5,5,13,VIP Champions,"Early access, VIP sooduskoodid",Kalev,Toom,Kalev Toom
4441.0,246,4,1385.1,2,4,4,10,Regular Customers,Cross-sell kampaaniad,Grete,Toom,Grete Toom
4442.0,167,2,313.98,3,2,1,6,At Risk,"Win-back kampaania, personaliseeritud e-mail",Priit,Arro,Priit Arro
4443.0,91,5,873.86,4,5,3,12,Loyal Customers,"Lojaalsusprogramm, preemiad",Anna,Kuusk,Anna Kuusk
4444.0,776,1,501.69,1,1,2,4,Lost,Viimane taasaktiveerimise pakkumine,Ragnar,Rosin,Ragnar Rosin
4446.0,60,4,1279.01,5,4,4,13,VIP Champions,"Early access, VIP sooduskoodid",Siim,Hurt,Siim Hurt
4447.0,68,3,888.6600000000001,4,4,3,11,Loyal Customers,"Lojaalsusprogramm, preemiad",Margus,Mets,Margus Mets
4450.0,100,6,1534.49,4,5,5,14,VIP Champions,"Early access, VIP sooduskoodid",Tiina,Kukk,Tiina Kukk
4451.0,12,8,2560.35,5,5,5,15,VIP Champions,"Early access, VIP sooduskoodid",Katrin,Värk,Katrin Värk
4452.0,77,6,2343.75,4,5,5,14,VIP Champions,"Early access, VIP sooduskoodid",Grete,Tamm,Grete Tamm
4453.0,184,1,138.78,3,1,1,5,At Risk,"Win-back kampaania, personaliseeritud e-mail",Tõnu,Must,Tõnu Must
4454.0,83,8,1653.6100000000001,4,5,5,14,VIP Champions,"Early access, VIP sooduskoodid",Indrek,Männik,Indrek Männik
4457.0,277,1,536.8,2,1,2,5,At Risk,"Win-back kampaania, personaliseeritud e-mail",Maris,Kuusk,Maris Kuusk
4458.0,283,4,1808.5299999999997,2,4,5,11,Loyal Customers,"Lojaalsusprogramm, preemiad",Kadri,Rebane,Kadri Rebane
4459.0,56,3,553.72,5,4,2,11,Loyal Customers,"Lojaalsusprogramm, preemiad",Ragnar,Kuusik,Ragnar Kuusik
4460.0,300,3,235.13,2,4,1,7,New Customers,"Onboarding, welcome-sari",Anu,Pihl,Anu Pihl
4461.0,94,5,2231.57,4,5,5,14,VIP Champions,"Early access, VIP sooduskoodid",Tiina,Kukk,Tiina Kukk
4463.0,317,3,1058.61,2,4,4,10,Regular Customers,Cross-sell kampaaniad,Kristiina,Põld,Kristiina Põld
4464.0,17,5,1378.72,5,5,4,14,VIP Champions,"Early access, VIP sooduskoodid",Ragnar,Tamm,Ragnar Tamm
4465.0,254,1,442.12,2,1,2,5,At Risk,"Win-back kampaania, personaliseeritud e-mail",Heli,Orav,Heli Orav
4466.0,10,5,2077.06,5,5,5,15,VIP Champions,"Early access, VIP sooduskoodid",Ants,Kaalep,Ants Kaalep
4467.0,148,2,734.6700000000001,3,2,3,8,New Customers,"Onboarding, welcome-sari",Sigrid,Teder,Sigrid Teder
4468.0,182,5,919.09,3,5,3,11,Loyal Customers,"Lojaalsusprogramm, preemiad",Eha,Rosin,Eha Rosin
4469.0,199,3,394.81,3,4,2,9,Regular Customers,Cross-sell kampaaniad,Marika,Raid,Marika Raid
4470.0,263,3,228.55,2,4,1,7,New Customers,"Onboarding, welcome-sari",Maris,Aas,Maris Aas
4471.0,48,1,110.02,5,1,1,7,New Customers,"Onboarding, welcome-sari",Liis,Aas,Liis Aas
4473.0,60,4,564.1899999999999,5,4,2,11,Loyal Customers,"Lojaalsusprogramm, preemiad",Terje,Vaher,Terje Vaher
4474.0,53,1,590.73,5,1,2,8,New Customers,"Onboarding, welcome-sari",Karin,Kivi,Karin Kivi
4475.0,100,3,516.6,4,4,2,10,Regular Customers,Cross-sell kampaaniad,Madis,Puusepp,Madis Puusepp
4476.0,332,3,862.5699999999999,2,4,3,9,Regular Customers,Cross-sell kampaaniad,Maie,Kõiv,Maie Kõiv
4477.0,381,3,670.36,1,4,3,8,New Customers,"Onboarding, welcome-sari",Kristjan,Hurt,Kristjan Hurt
4478.0,127,3,2066.42,3,4,5,12,Loyal Customers,"Lojaalsusprogramm, preemiad",Kersti,Laas,Kersti Laas
4480.0,36,4,1469.23,5,4,5,14,VIP Champions,"Early access, VIP sooduskoodid",Piret,Sild,Piret Sild
4481.0,195,3,1117.36,3,4,4,11,Loyal Customers,"Lojaalsusprogramm, preemiad",Laura,Aas,Laura Aas
4483.0,68,2,192.53,4,2,1,7,New Customers,"Onboarding, welcome-sari",Arvo,Lepik,Arvo Lepik
4484.0,58,6,2247.33,5,5,5,15,VIP Champions,"Early access, VIP sooduskoodid",Anu,Mets,Anu Mets
4485.0,1,6,1906.42,5,5,5,15,VIP Champions,"Early access, VIP sooduskoodid",Elis,Talvik,Elis Talvik
4488.0,99,3,955.0,4,4,4,12,Loyal Customers,"Lojaalsusprogramm, preemiad",Karin,Paas,Karin Paas
4489.0,70,4,1221.68,4,4,4,12,Loyal Customers,"Lojaalsusprogramm, preemiad",Henri,Aas,Henri Aas
4490.0,169,4,1468.35,3,4,5,12,Loyal Customers,"Lojaalsusprogramm, preemiad",Kristjan,Paas,Kristjan Paas
4491.0,164,6,1678.29,3,5,5,13,VIP Champions,"Early access, VIP sooduskoodid",Sander,Org,Sander Org
4493.0,204,3,875.74,3,4,3,10,Regular Customers,Cross-sell kampaaniad,Väino,Lõoke,Väino Lõoke
4494.0,139,1,736.6,3,1,3,7,New Customers,"Onboarding, welcome-sari",Meelis,Sepp,Meelis Sepp
4497.0,214,5,1615.75,2,5,5,12,Loyal Customers,"Lojaalsusprogramm, preemiad",Rain,Kivi,Rain Kivi
4498.0,257,3,732.81,2,4,3,9,Regular Customers,Cross-sell kampaaniad,Jüri,Must,Jüri Must
4499.0,172,4,1277.92,3,4,4,11,Loyal Customers,"Lojaalsusprogramm, preemiad",Margus,Pihl,Margus Pihl
4500.0,259,1,22.7,2,1,1,4,Lost,Viimane taasaktiveerimise pakkumine,Toomas,Oja,Toomas Oja
4501.0,14,4,1345.91,5,4,4,13,VIP Champions,"Early access, VIP sooduskoodid",Marika,Toom,Marika Toom
4502.0,94,1,274.5,4,1,1,6,At Risk,"Win-back kampaania, personaliseeritud e-mail",Marit,Kõiv,Marit Kõiv
4503.0,307,2,900.6,2,2,3,7,New Customers,"Onboarding, welcome-sari",Siim,Värk,Siim Värk
4504.0,126,1,116.2,3,1,1,5,At Risk,"Win-back kampaania, personaliseeritud e-mail",Sander,Liiv,Sander Liiv
4505.0,8,3,2148.65,5,4,5,14,VIP Champions,"Early access, VIP sooduskoodid",Enn,Kaalep,Enn Kaalep
4507.0,206,3,346.07,3,4,2,9,Regular Customers,Cross-sell kampaaniad,Kadri,Salu,Kadri Salu
4508.0,355,4,2041.63,1,4,5,10,Regular Customers,Cross-sell kampaaniad,Jüri,Liiv,Jüri Liiv
4509.0,25,7,2405.24,5,5,5,15,VIP Champions,"Early access, VIP sooduskoodid",Siim,Lill,Siim Lill
4510.0,0,2,662.48,5,2,3,10,Regular Customers,Cross-sell kampaaniad,Erkki,Oja,Erkki Oja
4511.0,444,3,633.45,1,4,3,8,New Customers,"Onboarding, welcome-sari",Merike,Raid,Merike Raid
4512.0,285,3,755.46,2,4,3,9,Regular Customers,Cross-sell kampaaniad,Kadri,Tammik,Kadri Tammik
4513.0,214,3,981.4300000000001,2,4,4,10,Regular Customers,Cross-sell kampaaniad,Andres,Kukk,Andres Kukk
4514.0,124,4,1679.2800000000002,4,4,5,13,VIP Champions,"Early access, VIP sooduskoodid",Annika,Raid,Annika Raid
4515.0,128,3,420.61,3,4,2,9,Regular Customers,Cross-sell kampaaniad,Marko,Kuusk,Marko Kuusk
4516.0,251,2,475.27,2,2,2,6,At Risk,"Win-back kampaania, personaliseeritud e-mail",Urmas,Kivi,Urmas Kivi
4517.0,161,4,1183.26,3,4,4,11,Loyal Customers,"Lojaalsusprogramm, preemiad",Hille,Kask,Hille Kask
4518.0,511,1,411.78,1,1,2,4,Lost,Viimane taasaktiveerimise pakkumine,Triin,Rosin,Triin Rosin
4519.0,69,4,2508.65,4,4,5,13,VIP Champions,"Early access, VIP sooduskoodid",Külli,Rand,Külli Rand
4520.0,372,1,664.26,1,1,3,5,At Risk,"Win-back kampaania, personaliseeritud e-mail",Erkki,Mitt,Erkki Mitt
4521.0,1,6,1234.0,5,5,4,14,VIP Champions,"Early access, VIP sooduskoodid",Rasmus,Mitt,Rasmus Mitt
4522.0,188,3,934.78,3,4,4,11,Loyal Customers,"Lojaalsusprogramm, preemiad",Heli,Salu,Heli Salu
4523.0,453,2,171.13,1,2,1,4,Lost,Viimane taasaktiveerimise pakkumine,Sandra,Tamm,Sandra Tamm
4525.0,208,5,1106.47,3,5,4,12,Loyal Customers,"Lojaalsusprogramm, preemiad",Tiit,Roots,Tiit Roots
4526.0,537,1,106.69,1,1,1,3,Lost,Viimane taasaktiveerimise pakkumine,Jaak,Paas,Jaak Paas
4527.0,107,1,138.13,4,1,1,6,At Risk,"Win-back kampaania, personaliseeritud e-mail",Jaak,Lõoke,Jaak Lõoke
4528.0,317,5,2609.63,2,5,5,12,Loyal Customers,"Lojaalsusprogramm, preemiad",Aivar,Mets,Aivar Mets
4529.0,139,2,309.34000000000003,3,2,1,6,At Risk,"Win-back kampaania, personaliseeritud e-mail",Maris,Kangur,Maris Kangur
4530.0,81,3,1455.3100000000002,4,4,5,13,VIP Champions,"Early access, VIP sooduskoodid",Ragnar,Luik,Ragnar Luik
4531.0,661,1,41.63,1,1,1,3,Lost,Viimane taasaktiveerimise pakkumine,Reet,Arro,Reet Arro
4532.0,90,1,169.9,4,1,1,6,At Risk,"Win-back kampaania, personaliseeritud e-mail",Raivo,Toom,Raivo Toom
4533.0,125,4,2647.0,4,4,5,13,VIP Champions,"Early access, VIP sooduskoodid",Hille,Roots,Hille Roots
4534.0,81,7,1540.04,4,5,5,14,VIP Champions,"Early access, VIP sooduskoodid",Kersti,Must,Kersti Must
4535.0,68,2,882.54,4,2,3,9,Regular Customers,Cross-sell kampaaniad,Nele,Paju,Nele Paju
4536.0,239,4,1673.47,2,4,5,11,Loyal Customers,"Lojaalsusprogramm, preemiad",Peeter,Pärn,Peeter Pärn
4538.0,174,2,794.14,3,2,3,8,New Customers,"Onboarding, welcome-sari",Toomas,Luik,Toomas Luik
4539.0,259,4,1304.26,2,4,4,10,Regular Customers,Cross-sell kampaaniad,Urmas,Salu,Urmas Salu
4541.0,344,2,647.62,1,2,3,6,At Risk,"Win-back kampaania, personaliseeritud e-mail",Liis,Ilves,Liis Ilves
4542.0,166,5,600.8000000000001,3,5,2,10,Regular Customers,Cross-sell kampaaniad,Maie,Rosin,Maie Rosin
4543.0,26,4,2250.12,5,4,5,14,VIP Champions,"Early access, VIP sooduskoodid",Sirje,Värk,Sirje Värk
4544.0,713,3,749.32,1,4,3,8,New Customers,"Onboarding, welcome-sari",Kati,Järv,Kati Järv
4545.0,203,2,398.87,3,2,2,7,New Customers,"Onboarding, welcome-sari",Peeter,Hurt,Peeter Hurt
4546.0,153,2,707.12,3,2,3,8,New Customers,"Onboarding, welcome-sari",Andres,Vaher,Andres Vaher
4548.0,91,2,296.58,4,2,1,7,New Customers,"Onboarding, welcome-sari",Sandra,Sild,Sandra Sild
4549.0,344,6,1033.4,1,5,4,10,Regular Customers,Cross-sell kampaaniad,Kristiina,Liiv,Kristiina Liiv
4551.0,234,2,599.86,2,2,2,6,At Risk,"Win-back kampaania, personaliseeritud e-mail",Siim,Kask,Siim Kask
4552.0,329,3,1446.73,2,4,5,11,Loyal Customers,"Lojaalsusprogramm, preemiad",Terje,Koppel,Terje Koppel
4555.0,333,1,201.14,2,1,1,4,Lost,Viimane taasaktiveerimise pakkumine,Maie,Paju,Maie Paju
4556.0,447,2,394.60999999999996,1,2,2,5,At Risk,"Win-back kampaania, personaliseeritud e-mail",Meelis,Rand,Meelis Rand
4557.0,75,2,768.33,4,2,3,9,Regular Customers,Cross-sell kampaaniad,Tõnu,Kõiv,Tõnu Kõiv
4558.0,9,4,1412.7600000000002,5,4,5,14,VIP Champions,"Early access, VIP sooduskoodid",Kadri,Nurk,Kadri Nurk
4559.0,278,1,310.9,2,1,1,4,Lost,Viimane taasaktiveerimise pakkumine,Mart,Sild,Mart Sild
4560.0,204,3,1404.42,3,4,5,12,Loyal Customers,"Lojaalsusprogramm, preemiad",Aivar,Järv,Aivar Järv
4561.0,57,3,1373.6399999999999,5,4,4,13,VIP Champions,"Early access, VIP sooduskoodid",Ants,Koppel,Ants Koppel
4562.0,67,3,641.6,4,4,3,11,Loyal Customers,"Lojaalsusprogramm, preemiad",Heino,Sild,Heino Sild
4563.0,201,3,892.4100000000001,3,4,3,10,Regular Customers,Cross-sell kampaaniad,Priit,Kivi,Priit Kivi
4565.0,107,3,1301.82,4,4,4,12,Loyal Customers,"Lojaalsusprogramm, preemiad",Jüri,Paju,Jüri Paju
4566.0,282,4,606.08,2,4,2,8,New Customers,"Onboarding, welcome-sari",Tiit,Lõoke,Tiit Lõoke
4567.0,66,1,53.01,4,1,1,6,At Risk,"Win-back kampaania, personaliseeritud e-mail",Külli,Männik,Külli Männik
4568.0,40,1,1374.35,5,1,4,10,Regular Customers,Cross-sell kampaaniad,Sirje,Männik,Sirje Männik
4569.0,306,5,928.55,2,5,3,10,Regular Customers,Cross-sell kampaaniad,Mihkel,Värk,Mihkel Värk
4570.0,231,4,878.5600000000001,2,4,3,9,Regular Customers,Cross-sell kampaaniad,Kevin,Raid,Kevin Raid
4571.0,125,6,2185.55,4,5,5,14,VIP Champions,"Early access, VIP sooduskoodid",Sander,Talvik,Sander Talvik
4572.0,87,2,365.47,4,2,2,8,New Customers,"Onboarding, welcome-sari",Merike,Lepp,Merike Lepp
4573.0,108,3,596.4100000000001,4,4,2,10,Regular Customers,Cross-sell kampaaniad,Triin,Nurk,Triin Nurk
4574.0,263,1,789.39,2,1,3,6,At Risk,"Win-back kampaania, personaliseeritud e-mail",Terje,Männik,Terje Männik
4577.0,256,3,710.66,2,4,3,9,Regular Customers,Cross-sell kampaaniad,Olev,Oja,Olev Oja
4578.0,109,3,956.39,4,4,4,12,Loyal Customers,"Lojaalsusprogramm, preemiad",Siim,Kivi,Siim Kivi
4579.0,65,2,133.47,4,2,1,7,New Customers,"Onboarding, welcome-sari",Liina,Kangur,Liina Kangur
4580.0,95,5,898.86,4,5,3,12,Loyal Customers,"Lojaalsusprogramm, preemiad",Merle,Põld,Merle Põld
4581.0,127,4,575.24,3,4,2,9,Regular Customers,Cross-sell kampaaniad,Marit,Puusepp,Marit Puusepp
4582.0,26,4,1580.7199999999998,5,4,5,14,VIP Champions,"Early access, VIP sooduskoodid",Meelis,Pärn,Meelis Pärn
4583.0,562,1,550.2,1,1,2,4,Lost,Viimane taasaktiveerimise pakkumine,Andres,Rand,Andres Rand
4584.0,46,4,2553.55,5,4,5,14,VIP Champions,"Early access, VIP sooduskoodid",Katrin,Salu,Katrin Salu
4585.0,60,6,3287.58,5,5,5,15,VIP Champions,"Early access, VIP sooduskoodid",Lauri,Männik,Lauri Männik
4586.0,82,3,584.16,4,4,2,10,Regular Customers,Cross-sell kampaaniad,Külli,Mitt,Külli Mitt
4588.0,83,5,1487.3999999999999,4,5,5,14,VIP Champions,"Early access, VIP sooduskoodid",Henri,Aas,Henri Aas
4589.0,8,7,2131.86,5,5,5,15,VIP Champions,"Early access, VIP sooduskoodid",Lauri,Kangur,Lauri Kangur
4590.0,59,4,1303.26,5,4,4,13,VIP Champions,"Early access, VIP sooduskoodid",Jüri,Rosin,Jüri Rosin
4591.0,347,2,471.84,1,2,2,5,At Risk,"Win-back kampaania, personaliseeritud e-mail",Nele,Lõoke,Nele Lõoke
4592.0,182,4,1083.49,3,4,4,11,Loyal Customers,"Lojaalsusprogramm, preemiad",Peeter,Tammik,Peeter Tammik
4593.0,366,4,1058.1,1,4,4,9,Regular Customers,Cross-sell kampaaniad,Kristiina,Oja,Kristiina Oja
4595.0,405,2,241.73,1,2,1,4,Lost,Viimane taasaktiveerimise pakkumine,Raivo,Tammik,Raivo Tammik
4596.0,61,2,388.53,5,2,2,9,Regular Customers,Cross-sell kampaaniad,Kaido,Pärn,Kaido Pärn
4597.0,69,6,1620.26,4,5,5,14,VIP Champions,"Early access, VIP sooduskoodid",Terje,Lepp,Terje Lepp
4598.0,3,4,1716.38,5,4,5,14,VIP Champions,"Early access, VIP sooduskoodid",Tiina,Kaalep,Tiina Kaalep
4599.0,17,6,1261.55,5,5,4,14,VIP Champions,"Early access, VIP sooduskoodid",Triin,Puusepp,Triin Puusepp
4601.0,287,3,679.77,2,4,3,9,Regular Customers,Cross-sell kampaaniad,Meelis,Kaalep,Meelis Kaalep
4602.0,170,5,1891.34,3,5,5,13,VIP Champions,"Early access, VIP sooduskoodid",Laura,Must,Laura Must
4603.0,92,4,2054.32,4,4,5,13,VIP Champions,"Early access, VIP sooduskoodid",Piret,Lepik,Piret Lepik
4604.0,5,6,1217.61,5,5,4,14,VIP Champions,"Early access, VIP sooduskoodid",Liis,Veski,Liis Veski
4605.0,181,3,1126.08,3,4,4,11,Loyal Customers,"Lojaalsusprogramm, preemiad",Aivar,Koppel,Aivar Koppel
4606.0,14,1,624.82,5,1,3,9,Regular Customers,Cross-sell kampaaniad,Kristi,Kivi,Kristi Kivi
4607.0,43,4,885.97,5,4,3,12,Loyal Customers,"Lojaalsusprogramm, preemiad",Piret,Toom,Piret Toom
4608.0,517,1,241.13,1,1,1,3,Lost,Viimane taasaktiveerimise pakkumine,Terje,Männik,Terje Männik
4610.0,556,3,501.31,1,4,2,7,New Customers,"Onboarding, welcome-sari",Andres,Nurk,Andres Nurk
4611.0,0,4,1658.96,5,4,5,14,VIP Champions,"Early access, VIP sooduskoodid",Ragnar,Kaalep,Ragnar Kaalep
4612.0,209,5,1564.18,2,5,5,12,Loyal Customers,"Lojaalsusprogramm, preemiad",Kaido,Oja,Kaido Oja
4613.0,108,2,599.8199999999999,4,2,2,8,New Customers,"Onboarding, welcome-sari",Meelis,Paas,Meelis Paas
4614.0,241,2,394.03,2,2,2,6,At Risk,"Win-back kampaania, personaliseeritud e-mail",Enn,Ilves,Enn Ilves
4615.0,27,5,725.55,5,5,3,13,VIP Champions,"Early access, VIP sooduskoodid",Kersti,Lill,Kersti Lill
4616.0,548,2,1752.7199999999998,1,2,5,8,New Customers,"Onboarding, welcome-sari",Arvo,Paju,Arvo Paju
4618.0,521,1,347.16,1,1,2,4,Lost,Viimane taasaktiveerimise pakkumine,Peeter,Kask,Peeter Kask
4619.0,43,1,106.82,5,1,1,7,New Customers,"Onboarding, welcome-sari",Urmas,Arro,Urmas Arro
4620.0,270,1,302.79,2,1,1,4,Lost,Viimane taasaktiveerimise pakkumine,Grete,Põld,Grete Põld
4621.0,106,3,1455.8600000000001,4,4,5,13,VIP Champions,"Early access, VIP sooduskoodid",Piret,Raid,Piret Raid
4622.0,49,1,139.74,5,1,1,7,New Customers,"Onboarding, welcome-sari",Enn,Lõhmus,Enn Lõhmus
4623.0,157,3,679.6,3,4,3,10,Regular Customers,Cross-sell kampaaniad,Raivo,Lepp,Raivo Lepp
4624.0,321,5,2422.9,2,5,5,12,Loyal Customers,"Lojaalsusprogramm, preemiad",Enn,Teder,Enn Teder
4625.0,13,3,777.38,5,4,3,12,Loyal Customers,"Lojaalsusprogramm, preemiad",Ants,Roots,Ants Roots
4626.0,180,4,731.08,3,4,3,10,Regular Customers,Cross-sell kampaaniad,Liis,Salu,Liis Salu
4627.0,3,4,2101.39,5,4,5,14,VIP Champions,"Early access, VIP sooduskoodid",Kristjan,Roots,Kristjan Roots
4628.0,220,2,202.8,2,3,1,6,At Risk,"Win-back kampaania, personaliseeritud e-mail",Maie,Kuusk,Maie Kuusk
4629.0,57,3,490.39,5,4,2,11,Loyal Customers,"Lojaalsusprogramm, preemiad",Triin,Mitt,Triin Mitt
4630.0,126,1,505.02,3,1,2,6,At Risk,"Win-back kampaania, personaliseeritud e-mail",Mart,Lepik,Mart Lepik
4631.0,214,3,1872.52,2,4,5,11,Loyal Customers,"Lojaalsusprogramm, preemiad",Taavi,Põld,Taavi Põld
4632.0,244,1,164.43,2,1,1,4,Lost,Viimane taasaktiveerimise pakkumine,Heli,Kangur,Heli Kangur
4633.0,600,2,506.5,1,3,2,6,At Risk,"Win-back kampaania, personaliseeritud e-mail",Kristi,Valk,Kristi Valk
4634.0,70,5,1105.79,4,5,4,13,VIP Champions,"Early access, VIP sooduskoodid",Ülle,Laas,Ülle Laas
4635.0,377,3,461.24,1,4,2,7,New Customers,"Onboarding, welcome-sari",Margus,Hurt,Margus Hurt
4636.0,38,3,892.39,5,4,3,12,Loyal Customers,"Lojaalsusprogramm, preemiad",Reet,Rosin,Reet Rosin
4637.0,69,4,1127.0900000000001,4,4,4,12,Loyal Customers,"Lojaalsusprogramm, preemiad",Kati,Ilves,Kati Ilves
4638.0,141,4,1450.05,3,4,5,12,Loyal Customers,"Lojaalsusprogramm, preemiad",Henri,Lill,Henri Lill
4639.0,213,3,498.46,2,4,2,8,New Customers,"Onboarding, welcome-sari",Olev,Kask,Olev Kask
4640.0,44,4,1578.06,5,4,5,14,VIP Champions,"Early access, VIP sooduskoodid",Rasmus,Hurt,Rasmus Hurt
4642.0,86,4,1176.92,4,4,4,12,Loyal Customers,"Lojaalsusprogramm, preemiad",Liis,Kask,Liis Kask
4643.0,308,3,824.3499999999999,2,4,3,9,Regular Customers,Cross-sell kampaaniad,Rein,Kuusk,Rein Kuusk
4644.0,59,7,1677.21,5,5,5,15,VIP Champions,"Early access, VIP sooduskoodid",Mihkel,Talvik,Mihkel Talvik
4647.0,174,1,374.32,3,1,2,6,At Risk,"Win-back kampaania, personaliseeritud e-mail",Maie,Kuusk,Maie Kuusk
4648.0,653,1,1458.6,1,1,5,7,New Customers,"Onboarding, welcome-sari",Meelis,Tammik,Meelis Tammik
4649.0,208,1,225.28,3,1,1,5,At Risk,"Win-back kampaania, personaliseeritud e-mail",Karin,Tammik,Karin Tammik
4650.0,8,1,17.97,5,1,1,7,New Customers,"Onboarding, welcome-sari",Marika,Lill,Marika Lill
4652.0,188,1,166.27,3,1,1,5,At Risk,"Win-back kampaania, personaliseeritud e-mail",Olev,Mägi,Olev Mägi
4653.0,97,3,342.48,4,4,2,10,Regular Customers,Cross-sell kampaaniad,Madis,Paju,Madis Paju
4654.0,221,2,660.0799999999999,2,3,3,8,New Customers,"Onboarding, welcome-sari",Väino,Roots,Väino Roots
4655.0,76,1,327.28,4,1,1,6,At Risk,"Win-back kampaania, personaliseeritud e-mail",Rein,Mitt,Rein Mitt
4656.0,214,4,1079.36,2,4,4,10,Regular Customers,Cross-sell kampaaniad,Sigrid,Mitt,Sigrid Mitt
4657.0,114,2,601.46,4,3,2,9,Regular Customers,Cross-sell kampaaniad,Karin,Mägi,Karin Mägi
4659.0,66,3,702.22,4,4,3,11,Loyal Customers,"Lojaalsusprogramm, preemiad",Meelis,Roots,Meelis Roots
4660.0,438,3,299.72999999999996,1,4,1,6,At Risk,"Win-back kampaania, personaliseeritud e-mail",Mart,Teder,Mart Teder
4661.0,222,1,574.44,2,1,2,5,At Risk,"Win-back kampaania, personaliseeritud e-mail",Maie,Oja,Maie Oja
4662.0,487,4,1710.83,1,4,5,10,Regular Customers,Cross-sell kampaaniad,Tiina,Nurk,Tiina Nurk
4663.0,48,7,1939.43,5,5,5,15,VIP Champions,"Early access, VIP sooduskoodid",Marko,Lepp,Marko Lepp
4664.0,97,2,325.5,4,3,1,8,New Customers,"Onboarding, welcome-sari",Ene,Oja,Ene Oja
4665.0,188,4,956.8100000000001,3,4,4,11,Loyal Customers,"Lojaalsusprogramm, preemiad",Riina,Kull,Riina Kull
4666.0,559,2,193.75,1,3,1,5,At Risk,"Win-back kampaania, personaliseeritud e-mail",Rasmus,Lepp,Rasmus Lepp
4667.0,177,1,361.77,3,1,2,6,At Risk,"Win-back kampaania, personaliseeritud e-mail",Reet,Rosin,Reet Rosin
4669.0,332,1,260.72,2,1,1,4,Lost,Viimane taasaktiveerimise pakkumine,Maie,Mitt,Maie Mitt
4670.0,247,4,918.16,2,4,3,9,Regular Customers,Cross-sell kampaaniad,Margus,Luik,Margus Luik
4671.0,187,3,512.77,3,4,2,9,Regular Customers,Cross-sell kampaaniad,Annika,Mägi,Annika Mägi
4672.0,498,3,1268.78,1,4,4,9,Regular Customers,Cross-sell kampaaniad,Katrin,Koppel,Katrin Koppel
4673.0,61,5,881.04,5,5,3,13,VIP Champions,"Early access, VIP sooduskoodid",Liina,Saar,Liina Saar
4674.0,62,4,572.1,4,4,2,10,Regular Customers,Cross-sell kampaaniad,Ragnar,Lõoke,Ragnar Lõoke
4675.0,21,3,284.28,5,4,1,10,Regular Customers,Cross-sell kampaaniad,Maie,Saar,Maie Saar
4676.0,289,2,325.13,2,3,1,6,At Risk,"Win-back kampaania, personaliseeritud e-mail",Madis,Arro,Madis Arro
4677.0,323,5,446.27,2,5,2,9,Regular Customers,Cross-sell kampaaniad,Aili,Pihl,Aili Pihl
4678.0,78,7,2850.45,4,5,5,14,VIP Champions,"Early access, VIP sooduskoodid",Kati,Põld,Kati Põld
4681.0,420,3,1350.8700000000001,1,4,4,9,Regular Customers,Cross-sell kampaaniad,Merle,Koppel,Merle Koppel
4682.0,553,2,801.38,1,3,3,7,New Customers,"Onboarding, welcome-sari",Merike,Kivi,Merike Kivi
4683.0,395,4,953.32,1,4,4,9,Regular Customers,Cross-sell kampaaniad,Rein,Oja,Rein Oja
4684.0,41,4,582.55,5,4,2,11,Loyal Customers,"Lojaalsusprogramm, preemiad",Siim,Arro,Siim Arro
4685.0,260,4,1088.93,2,4,4,10,Regular Customers,Cross-sell kampaaniad,Kaido,Orav,Kaido Orav
4686.0,74,1,274.37,4,1,1,6,At Risk,"Win-back kampaania, personaliseeritud e-mail",Piret,Vaher,Piret Vaher
4687.0,58,7,3116.4300000000003,5,5,5,15,VIP Champions,"Early access, VIP sooduskoodid",Sirje,Rand,Sirje Rand
4688.0,220,2,1002.53,2,3,4,9,Regular Customers,Cross-sell kampaaniad,Anna,Veski,Anna Veski
4689.0,694,1,190.81,1,1,1,3,Lost,Viimane taasaktiveerimise pakkumine,Tõnu,Sepp,Tõnu Sepp
4690.0,197,1,126.42,3,1,1,5,At Risk,"Win-back kampaania, personaliseeritud e-mail",Erkki,Rand,Erkki Rand
4691.0,170,7,1289.28,3,5,4,12,Loyal Customers,"Lojaalsusprogramm, preemiad",Andres,Veski,Andres Veski
4692.0,10,2,296.73,5,3,1,9,Regular Customers,Cross-sell kampaaniad,Peeter,Mägi,Peeter Mägi
4693.0,229,2,182.84,2,3,1,6,At Risk,"Win-back kampaania, personaliseeritud e-mail",Aili,Kuusk,Aili Kuusk
4694.0,426,2,882.58,1,3,3,7,New Customers,"Onboarding, welcome-sari",Eha,Pärn,Eha Pärn
4695.0,3,1,245.55,5,1,1,7,New Customers,"Onboarding, welcome-sari",Kadri,Kallas,Kadri Kallas
4696.0,60,2,661.0,5,3,3,11,Loyal Customers,"Lojaalsusprogramm, preemiad",Eha,Vaher,Eha Vaher
4697.0,388,2,676.32,1,3,3,7,New Customers,"Onboarding, welcome-sari",Kristiina,Rosin,Kristiina Rosin
4698.0,137,2,1254.67,3,3,4,10,Regular Customers,Cross-sell kampaaniad,Kaido,Mägi,Kaido Mägi
4699.0,54,1,1094.95,5,1,4,10,Regular Customers,Cross-sell kampaaniad,Enn,Kull,Enn Kull
4701.0,115,7,2874.92,4,5,5,14,VIP Champions,"Early access, VIP sooduskoodid",Enn,Rebane,Enn Rebane
4702.0,392,1,50.85,1,1,1,3,Lost,Viimane taasaktiveerimise pakkumine,Meelis,Saar,Meelis Saar
4703.0,269,5,782.38,2,5,3,10,Regular Customers,Cross-sell kampaaniad,Mihkel,Arro,Mihkel Arro
4704.0,338,1,65.6,1,1,1,3,Lost,Viimane taasaktiveerimise pakkumine,Kevin,Valk,Kevin Valk
4705.0,363,2,1072.94,1,3,4,8,New Customers,"Onboarding, welcome-sari",Liis,Kivi,Liis Kivi
4707.0,127,2,647.44,3,3,3,9,Regular Customers,Cross-sell kampaaniad,Reet,Sild,Reet Sild
4708.0,236,4,542.88,2,4,2,8,New Customers,"Onboarding, welcome-sari",Ants,Lass,Ants Lass
4709.0,15,2,123.12,5,3,1,9,Regular Customers,Cross-sell kampaaniad,Maris,Lepp,Maris Lepp
4710.0,100,1,65.6,4,1,1,6,At Risk,"Win-back kampaania, personaliseeritud e-mail",Anna,Lill,Anna Lill
4712.0,119,4,2565.58,4,4,5,13,VIP Champions,"Early access, VIP sooduskoodid",Tarmo,Rosin,Tarmo Rosin
4713.0,58,1,107.26,5,1,1,7,New Customers,"Onboarding, welcome-sari",Kevin,Rosin,Kevin Rosin
4714.0,38,2,102.51,5,3,1,9,Regular Customers,Cross-sell kampaaniad,Erkki,Tammik,Erkki Tammik
4715.0,157,4,991.07,3,4,4,11,Loyal Customers,"Lojaalsusprogramm, preemiad",Maris,Tamm,Maris Tamm
4716.0,217,3,1414.9299999999998,2,4,5,11,Loyal Customers,"Lojaalsusprogramm, preemiad",Katrin,Rosin,Katrin Rosin
4717.0,28,5,2458.06,5,5,5,15,VIP Champions,"Early access, VIP sooduskoodid",Kevin,Raud,Kevin Raud
4718.0,50,4,1312.27,5,4,4,13,VIP Champions,"Early access, VIP sooduskoodid",Rain,Lepp,Rain Lepp
4719.0,317,1,55.04,2,1,1,4,Lost,Viimane taasaktiveerimise pakkumine,Heli,Lass,Heli Lass
4720.0,289,3,1538.52,2,4,5,11,Loyal Customers,"Lojaalsusprogramm, preemiad",Maris,Paas,Maris Paas
4722.0,380,2,317.3,1,3,1,5,At Risk,"Win-back kampaania, personaliseeritud e-mail",Grete,Raud,Grete Raud
4723.0,373,1,159.25,1,1,1,3,Lost,Viimane taasaktiveerimise pakkumine,Ene,Raud,Ene Raud
4724.0,645,4,1407.79,1,4,5,10,Regular Customers,Cross-sell kampaaniad,Madis,Hurt,Madis Hurt
4725.0,11,1,58.49,5,1,1,7,New Customers,"Onboarding, welcome-sari",Mihkel,Liiv,Mihkel Liiv
4726.0,130,1,183.31,3,1,1,5,At Risk,"Win-back kampaania, personaliseeritud e-mail",Kadri,Männik,Kadri Männik
4727.0,304,3,626.71,2,4,3,9,Regular Customers,Cross-sell kampaaniad,Kaido,Lõoke,Kaido Lõoke
4728.0,69,2,524.37,4,3,2,9,Regular Customers,Cross-sell kampaaniad,Tõnu,Kõiv,Tõnu Kõiv
4729.0,111,4,1144.91,4,4,4,12,Loyal Customers,"Lojaalsusprogramm, preemiad",Katrin,Saar,Katrin Saar
4730.0,13,3,1175.08,5,4,4,13,VIP Champions,"Early access, VIP sooduskoodid",Merike,Lõhmus,Merike Lõhmus
4731.0,408,1,377.82,1,1,2,4,Lost,Viimane taasaktiveerimise pakkumine,Sirje,Tammik,Sirje Tammik
4732.0,246,3,464.66,2,4,2,8,New Customers,"Onboarding, welcome-sari",Meelis,Põld,Meelis Põld
4734.0,193,1,105.09,3,1,1,5,At Risk,"Win-back kampaania, personaliseeritud e-mail",Ragnar,Kuusik,Ragnar Kuusik
4735.0,234,3,641.73,2,4,3,9,Regular Customers,Cross-sell kampaaniad,Riina,Sepp,Riina Sepp
4736.0,707,1,212.76,1,1,1,3,Lost,Viimane taasaktiveerimise pakkumine,Anu,Puusepp,Anu Puusepp
4738.0,540,2,993.9499999999999,1,3,4,8,New Customers,"Onboarding, welcome-sari",Toomas,Ilves,Toomas Ilves
4739.0,480,1,307.24,1,1,1,3,Lost,Viimane taasaktiveerimise pakkumine,Grete,Paju,Grete Paju
4740.0,340,2,640.67,1,3,3,7,New Customers,"Onboarding, welcome-sari",Kevin,Koppel,Kevin Koppel
4741.0,492,1,351.33,1,1,2,4,Lost,Viimane taasaktiveerimise pakkumine,Rasmus,Värk,Rasmus Värk
4742.0,39,6,1206.67,5,5,4,14,VIP Champions,"Early access, VIP sooduskoodid",Taavi,Aas,Taavi Aas
4743.0,145,2,626.5799999999999,3,3,3,9,Regular Customers,Cross-sell kampaaniad,Sigrid,Nurk,Sigrid Nurk
4744.0,620,1,407.4,1,1,2,4,Lost,Viimane taasaktiveerimise pakkumine,Sandra,Oja,Sandra Oja
4745.0,770,1,263.13,1,1,1,3,Lost,Viimane taasaktiveerimise pakkumine,Meelis,Must,Meelis Must
4746.0,33,5,1002.46,5,5,4,14,VIP Champions,"Early access, VIP sooduskoodid",Ants,Nurk,Ants Nurk
4747.0,218,8,1944.37,2,5,5,12,Loyal Customers,"Lojaalsusprogramm, preemiad",Anna,Liiv,Anna Liiv
4748.0,64,4,1090.8200000000002,4,4,4,12,Loyal Customers,"Lojaalsusprogramm, preemiad",Külli,Paas,Külli Paas
4749.0,267,3,969.66,2,4,4,10,Regular Customers,Cross-sell kampaaniad,Väino,Kull,Väino Kull
4750.0,506,1,285.14,1,1,1,3,Lost,Viimane taasaktiveerimise pakkumine,Raivo,Kask,Raivo Kask
4752.0,320,3,523.21,2,4,2,8,New Customers,"Onboarding, welcome-sari",Eha,Paju,Eha Paju
4754.0,697,1,35.68,1,1,1,3,Lost,Viimane taasaktiveerimise pakkumine,Sigrid,Mets,Sigrid Mets
4755.0,133,6,1520.03,3,5,5,13,VIP Champions,"Early access, VIP sooduskoodid",Liina,Kask,Liina Kask
4756.0,355,3,1370.78,1,4,4,9,Regular Customers,Cross-sell kampaaniad,Priit,Lõoke,Priit Lõoke
4757.0,292,3,842.39,2,4,3,9,Regular Customers,Cross-sell kampaaniad,Mihkel,Talvik,Mihkel Talvik
4759.0,201,1,128.37,3,1,1,5,At Risk,"Win-back kampaania, personaliseeritud e-mail",Kadri,Koppel,Kadri Koppel
4760.0,298,4,1756.15,2,4,5,11,Loyal Customers,"Lojaalsusprogramm, preemiad",Indrek,Raud,Indrek Raud
4761.0,158,2,162.67000000000002,3,3,1,7,New Customers,"Onboarding, welcome-sari",Raivo,Lepp,Raivo Lepp
4762.0,379,6,1612.76,1,5,5,11,Loyal Customers,"Lojaalsusprogramm, preemiad",Reet,Aas,Reet Aas
4763.0,9,6,1957.31,5,5,5,15,VIP Champions,"Early access, VIP sooduskoodid",Grete,Kallas,Grete Kallas
4765.0,200,5,937.25,3,5,4,12,Loyal Customers,"Lojaalsusprogramm, preemiad",Kati,Lill,Kati Lill
4767.0,47,4,2578.12,5,4,5,14,VIP Champions,"Early access, VIP sooduskoodid",Kersti,Lõoke,Kersti Lõoke
4768.0,223,4,868.6,2,4,3,9,Regular Customers,Cross-sell kampaaniad,Sandra,Koppel,Sandra Koppel
4769.0,285,2,791.02,2,3,3,8,New Customers,"Onboarding, welcome-sari",Maie,Orav,Maie Orav
4771.0,270,1,301.2,2,1,1,4,Lost,Viimane taasaktiveerimise pakkumine,Arvo,Ilves,Arvo Ilves
4772.0,163,2,431.47,3,3,2,8,New Customers,"Onboarding, welcome-sari",Tiina,Toom,Tiina Toom
4773.0,722,1,47.36,1,1,1,3,Lost,Viimane taasaktiveerimise pakkumine,Henri,Aas,Henri Aas
4774.0,48,3,1296.53,5,4,4,13,VIP Champions,"Early access, VIP sooduskoodid",Sandra,Raid,Sandra Raid
4775.0,61,1,95.87,5,1,1,7,New Customers,"Onboarding, welcome-sari",Riina,Kuusk,Riina Kuusk
4776.0,29,2,932.4599999999999,5,3,3,11,Loyal Customers,"Lojaalsusprogramm, preemiad",Maie,Männik,Maie Männik
4779.0,75,4,1946.22,4,4,5,13,VIP Champions,"Early access, VIP sooduskoodid",Merike,Kõiv,Merike Kõiv
4780.0,151,4,678.83,3,4,3,10,Regular Customers,Cross-sell kampaaniad,Liina,Rand,Liina Rand
4781.0,266,3,1315.65,2,4,4,10,Regular Customers,Cross-sell kampaaniad,Kristjan,Orav,Kristjan Orav
4782.0,25,5,1426.33,5,5,5,15,VIP Champions,"Early access, VIP sooduskoodid",Heli,Ilves,Heli Ilves
4783.0,96,4,2935.81,4,4,5,13,VIP Champions,"Early access, VIP sooduskoodid",Lauri,Kukk,Lauri Kukk
4784.0,374,1,304.26,1,1,1,3,Lost,Viimane taasaktiveerimise pakkumine,Raivo,Valk,Raivo Valk
4785.0,33,3,1002.9100000000001,5,4,4,13,VIP Champions,"Early access, VIP sooduskoodid",Anu,Mägi,Anu Mägi
4786.0,221,3,603.74,2,4,2,8,New Customers,"Onboarding, welcome-sari",Enn,Järv,Enn Järv
4787.0,416,1,51.1,1,1,1,3,Lost,Viimane taasaktiveerimise pakkumine,Anu,Salu,Anu Salu
4788.0,136,1,529.95,3,1,2,6,At Risk,"Win-back kampaania, personaliseeritud e-mail",Ragnar,Org,Ragnar Org
4789.0,652,1,42.64,1,1,1,3,Lost,Viimane taasaktiveerimise pakkumine,Enn,Teder,Enn Teder
4790.0,358,2,395.56,1,3,2,6,At Risk,"Win-back kampaania, personaliseeritud e-mail",Tõnu,Sild,Tõnu Sild
4791.0,297,2,1927.16,2,3,5,10,Regular Customers,Cross-sell kampaaniad,Liis,Sepp,Liis Sepp
4792.0,193,3,789.36,3,4,3,10,Regular Customers,Cross-sell kampaaniad,Heli,Rebane,Heli Rebane
4793.0,120,3,229.41000000000003,4,4,1,9,Regular Customers,Cross-sell kampaaniad,Hille,Värk,Hille Värk
4794.0,73,3,929.1600000000001,4,4,3,11,Loyal Customers,"Lojaalsusprogramm, preemiad",Siim,Kask,Siim Kask
4797.0,70,2,522.52,4,3,2,9,Regular Customers,Cross-sell kampaaniad,Annika,Luik,Annika Luik
4799.0,129,2,840.3199999999999,3,3,3,9,Regular Customers,Cross-sell kampaaniad,Peeter,Liiv,Peeter Liiv
4800.0,510,4,661.82,1,5,3,9,Regular Customers,Cross-sell kampaaniad,Meelis,Aas,Meelis Aas
4801.0,500,2,254.71999999999997,1,3,1,5,At Risk,"Win-back kampaania, personaliseeritud e-mail",Ants,Lõhmus,Ants Lõhmus
4803.0,257,5,1387.3999999999999,2,5,4,11,Loyal Customers,"Lojaalsusprogramm, preemiad",Kristi,Koppel,Kristi Koppel
4804.0,6,3,843.1999999999999,5,4,3,12,Loyal Customers,"Lojaalsusprogramm, preemiad",Tiina,Nõmm,Tiina Nõmm
4807.0,85,2,263.34,4,3,1,8,New Customers,"Onboarding, welcome-sari",Rasmus,Värk,Rasmus Värk
4808.0,99,4,755.5699999999999,4,5,3,12,Loyal Customers,"Lojaalsusprogramm, preemiad",Grete,Ilves,Grete Ilves
4809.0,185,2,1075.0,3,3,4,10,Regular Customers,Cross-sell kampaaniad,Heli,Tammik,Heli Tammik
4810.0,99,3,493.68,4,4,2,10,Regular Customers,Cross-sell kampaaniad,Henri,Kull,Henri Kull
4811.0,133,2,325.9,3,3,1,7,New Customers,"Onboarding, welcome-sari",Kevin,Toom,Kevin Toom
4812.0,275,4,1167.75,2,5,4,11,Loyal Customers,"Lojaalsusprogramm, preemiad",Ago,Kuusk,Ago Kuusk
4815.0,120,4,1104.5,4,5,4,13,VIP Champions,"Early access, VIP sooduskoodid",Arvo,Laas,Arvo Laas
4816.0,257,3,1110.8,2,4,4,10,Regular Customers,Cross-sell kampaaniad,Külli,Lõhmus,Külli Lõhmus
4817.0,68,3,1429.1000000000001,4,4,5,13,VIP Champions,"Early access, VIP sooduskoodid",Anu,Orav,Anu Orav
4818.0,62,3,446.72,4,4,2,10,Regular Customers,Cross-sell kampaaniad,Katrin,Arro,Katrin Arro
4820.0,224,2,334.3,2,3,2,7,New Customers,"Onboarding, welcome-sari",Riina,Lõhmus,Riina Lõhmus
4821.0,167,3,1005.1,3,4,4,11,Loyal Customers,"Lojaalsusprogramm, preemiad",Rain,Lepik,Rain Lepik
4822.0,251,3,914.31,2,4,3,9,Regular Customers,Cross-sell kampaaniad,Ants,Lõhmus,Ants Lõhmus
4824.0,603,2,302.76,1,3,1,5,At Risk,"Win-back kampaania, personaliseeritud e-mail",Tarmo,Sild,Tarmo Sild
4825.0,79,3,931.48,4,4,3,11,Loyal Customers,"Lojaalsusprogramm, preemiad",Karin,Lepp,Karin Lepp
4826.0,104,4,660.0,4,5,3,12,Loyal Customers,"Lojaalsusprogramm, preemiad",Raivo,Talvik,Raivo Talvik
4827.0,106,2,386.51000000000005,4,3,2,9,Regular Customers,Cross-sell kampaaniad,Lauri,Kukk,Lauri Kukk
4828.0,155,3,153.54000000000002,3,4,1,8,New Customers,"Onboarding, welcome-sari",Meelis,Kuusk,Meelis Kuusk
4829.0,103,3,664.11,4,4,3,11,Loyal Customers,"Lojaalsusprogramm, preemiad",Merike,Ilves,Merike Ilves
4830.0,47,7,2294.85,5,5,5,15,VIP Champions,"Early access, VIP sooduskoodid",Sander,Sepp,Sander Sepp
4831.0,81,2,405.96,4,3,2,9,Regular Customers,Cross-sell kampaaniad,Enn,Kangur,Enn Kangur
4832.0,129,1,368.14,3,1,2,6,At Risk,"Win-back kampaania, personaliseeritud e-mail",Terje,Laas,Terje Laas
4833.0,447,3,647.03,1,4,3,8,New Customers,"Onboarding, welcome-sari",Jüri,Valk,Jüri Valk
4834.0,427,3,614.6400000000001,1,4,3,8,New Customers,"Onboarding, welcome-sari",Eha,Luik,Eha Luik
4836.0,79,3,949.26,4,4,4,12,Loyal Customers,"Lojaalsusprogramm, preemiad",Kati,Kõiv,Kati Kõiv
4837.0,237,4,501.03999999999996,2,5,2,9,Regular Customers,Cross-sell kampaaniad,Merike,Kask,Merike Kask
4838.0,77,2,2033.3400000000001,4,3,5,12,Loyal Customers,"Lojaalsusprogramm, preemiad",Taavi,Kuusik,Taavi Kuusik
4839.0,17,4,888.18,5,5,3,13,VIP Champions,"Early access, VIP sooduskoodid",Anna,Kangur,Anna Kangur
4840.0,417,2,407.64,1,3,2,6,At Risk,"Win-back kampaania, personaliseeritud e-mail",Siim,Toom,Siim Toom
4841.0,147,2,315.49,3,3,1,7,New Customers,"Onboarding, welcome-sari",Olev,Lõhmus,Olev Lõhmus
4843.0,206,3,1166.26,3,4,4,11,Loyal Customers,"Lojaalsusprogramm, preemiad",Ago,Mets,Ago Mets
4844.0,49,2,913.14,5,3,3,11,Loyal Customers,"Lojaalsusprogramm, preemiad",Ragnar,Raid,Ragnar Raid
4845.0,22,2,174.38,5,3,1,9,Regular Customers,Cross-sell kampaaniad,Tõnu,Laas,Tõnu Laas
4846.0,222,5,1178.89,2,5,4,11,Loyal Customers,"Lojaalsusprogramm, preemiad",Kadri,Roots,Kadri Roots
4847.0,264,5,1374.8400000000001,2,5,4,11,Loyal Customers,"Lojaalsusprogramm, preemiad",Heli,Sepp,Heli Sepp
4848.0,544,2,1526.4899999999998,1,3,5,9,Regular Customers,Cross-sell kampaaniad,Mart,Teder,Mart Teder
4849.0,138,5,1329.3600000000001,3,5,4,12,Loyal Customers,"Lojaalsusprogramm, preemiad",Ülle,Arro,Ülle Arro
4850.0,299,6,1634.3400000000001,2,5,5,12,Loyal Customers,"Lojaalsusprogramm, preemiad",Sirje,Rand,Sirje Rand
4851.0,384,6,2651.74,1,5,5,11,Loyal Customers,"Lojaalsusprogramm, preemiad",Aivar,Orav,Aivar Orav
4853.0,44,4,1319.8400000000001,5,5,4,14,VIP Champions,"Early access, VIP sooduskoodid",Sander,Männik,Sander Männik
4854.0,91,2,822.76,4,3,3,10,Regular Customers,Cross-sell kampaaniad,Jaak,Kull,Jaak Kull
4855.0,39,6,1875.41,5,5,5,15,VIP Champions,"Early access, VIP sooduskoodid",Merle,Koppel,Merle Koppel
4856.0,53,1,374.32,5,1,2,8,New Customers,"Onboarding, welcome-sari",Kati,Rosin,Kati Rosin
4857.0,25,3,969.03,5,4,4,13,VIP Champions,"Early access, VIP sooduskoodid",Siim,Oja,Siim Oja
4858.0,20,3,407.13,5,4,2,11,Loyal Customers,"Lojaalsusprogramm, preemiad",Sandra,Aas,Sandra Aas
4859.0,14,5,1097.19,5,5,4,14,VIP Champions,"Early access, VIP sooduskoodid",Heli,Rebane,Heli Rebane
4860.0,297,3,1317.55,2,4,4,10,Regular Customers,Cross-sell kampaaniad,Marit,Arro,Marit Arro
4861.0,235,3,394.86,2,4,2,8,New Customers,"Onboarding, welcome-sari",Laura,Mets,Laura Mets
4862.0,278,5,3131.6000000000004,2,5,5,12,Loyal Customers,"Lojaalsusprogramm, preemiad",Erkki,Liiv,Erkki Liiv
4863.0,634,2,1009.0200000000001,1,3,4,8,New Customers,"Onboarding, welcome-sari",Meelis,Nurk,Meelis Nurk
4864.0,62,3,721.17,4,4,3,11,Loyal Customers,"Lojaalsusprogramm, preemiad",Kersti,Kuusik,Kersti Kuusik
4865.0,107,2,420.34000000000003,4,3,2,9,Regular Customers,Cross-sell kampaaniad,Ene,Saar,Ene Saar
4867.0,59,6,2021.61,5,5,5,15,VIP Champions,"Early access, VIP sooduskoodid",Kersti,Värk,Kersti Värk
4868.0,68,4,747.55,4,5,3,12,Loyal Customers,"Lojaalsusprogramm, preemiad",Kristjan,Sepp,Kristjan Sepp
4869.0,127,2,309.48,3,3,1,7,New Customers,"Onboarding, welcome-sari",Olev,Orav,Olev Orav
4870.0,130,6,1330.83,3,5,4,12,Loyal Customers,"Lojaalsusprogramm, preemiad",Rein,Männik,Rein Männik
4871.0,233,1,243.96,2,1,1,4,Lost,Viimane taasaktiveerimise pakkumine,Eha,Tamm,Eha Tamm
4872.0,265,2,1502.9499999999998,2,3,5,10,Regular Customers,Cross-sell kampaaniad,Indrek,Tammik,Indrek Tammik
4873.0,85,4,1106.45,4,5,4,13,VIP Champions,"Early access, VIP sooduskoodid",Pille,Rosin,Pille Rosin
4876.0,119,2,427.71000000000004,4,3,2,9,Regular Customers,Cross-sell kampaaniad,Heino,Talvik,Heino Talvik
4877.0,16,1,282.1,5,1,1,7,New Customers,"Onboarding, welcome-sari",Erkki,Raid,Erkki Raid
4878.0,103,1,29.48,4,1,1,6,At Risk,"Win-back kampaania, personaliseeritud e-mail",Kati,Kask,Kati Kask
4879.0,73,1,121.98,4,1,1,6,At Risk,"Win-back kampaania, personaliseeritud e-mail",Indrek,Rand,Indrek Rand
4880.0,150,2,389.56,3,3,2,8,New Customers,"Onboarding, welcome-sari",Sander,Oja,Sander Oja
4881.0,15,5,1794.1,5,5,5,15,VIP Champions,"Early access, VIP sooduskoodid",Peeter,Sild,Peeter Sild
4882.0,76,2,304.59000000000003,4,3,1,8,New Customers,"Onboarding, welcome-sari",Siim,Kull,Siim Kull
4883.0,195,4,1160.1999999999998,3,5,4,12,Loyal Customers,"Lojaalsusprogramm, preemiad",Ene,Kuusk,Ene Kuusk
4886.0,85,6,2688.3,4,5,5,14,VIP Champions,"Early access, VIP sooduskoodid",Indrek,Veski,Indrek Veski
4887.0,219,4,710.54,2,5,3,10,Regular Customers,Cross-sell kampaaniad,Sirje,Arro,Sirje Arro
4889.0,614,1,109.9,1,1,1,3,Lost,Viimane taasaktiveerimise pakkumine,Kristi,Pihl,Kristi Pihl
4890.0,675,2,349.34,1,3,2,6,At Risk,"Win-back kampaania, personaliseeritud e-mail",Sander,Lass,Sander Lass
4891.0,210,1,307.83,2,1,1,4,Lost,Viimane taasaktiveerimise pakkumine,Ragnar,Tammik,Ragnar Tammik
4892.0,533,2,498.87,1,3,2,6,At Risk,"Win-back kampaania, personaliseeritud e-mail",Tiina,Pihl,Tiina Pihl
4893.0,662,3,743.75,1,4,3,8,New Customers,"Onboarding, welcome-sari",Nele,Talvik,Nele Talvik
4894.0,259,4,662.6,2,5,3,10,Regular Customers,Cross-sell kampaaniad,Kadri,Ilves,Kadri Ilves
4895.0,119,2,561.69,4,3,2,9,Regular Customers,Cross-sell kampaaniad,Jaak,Sild,Jaak Sild
4896.0,28,5,1431.06,5,5,5,15,VIP Champions,"Early access, VIP sooduskoodid",Meelis,Toom,Meelis Toom
4898.0,556,1,53.58,1,1,1,3,Lost,Viimane taasaktiveerimise pakkumine,Erkki,Hurt,Erkki Hurt
4899.0,621,2,996.4,1,3,4,8,New Customers,"Onboarding, welcome-sari",Kati,Lass,Kati Lass
4900.0,222,2,880.94,2,3,3,8,New Customers,"Onboarding, welcome-sari",Sandra,Puusepp,Sandra Puusepp
4901.0,73,2,926.2,4,3,3,10,Regular Customers,Cross-sell kampaaniad,Kristi,Lõoke,Kristi Lõoke
4903.0,109,5,1659.27,4,5,5,14,VIP Champions,"Early access, VIP sooduskoodid",Jüri,Kallas,Jüri Kallas
4905.0,140,4,1702.97,3,5,5,13,VIP Champions,"Early access, VIP sooduskoodid",Lea,Roots,Lea Roots
4906.0,149,3,977.5300000000001,3,4,4,11,Loyal Customers,"Lojaalsusprogramm, preemiad",Raivo,Roots,Raivo Roots
4907.0,185,5,1163.17,3,5,4,12,Loyal Customers,"Lojaalsusprogramm, preemiad",Kaido,Laas,Kaido Laas
4908.0,126,3,730.82,3,4,3,10,Regular Customers,Cross-sell kampaaniad,Elis,Kaalep,Elis Kaalep
4909.0,203,4,833.6,3,5,3,11,Loyal Customers,"Lojaalsusprogramm, preemiad",Mihkel,Talvik,Mihkel Talvik
4910.0,534,1,84.95,1,1,1,3,Lost,Viimane taasaktiveerimise pakkumine,Heino,Hurt,Heino Hurt
4911.0,531,1,348.6,1,1,2,4,Lost,Viimane taasaktiveerimise pakkumine,Peeter,Kukk,Peeter Kukk
4912.0,96,2,347.96,4,3,2,9,Regular Customers,Cross-sell kampaaniad,Taavi,Pihl,Taavi Pihl
4913.0,412,1,166.27,1,1,1,3,Lost,Viimane taasaktiveerimise pakkumine,Sandra,Kukk,Sandra Kukk
4914.0,407,4,1030.0800000000002,1,5,4,10,Regular Customers,Cross-sell kampaaniad,Aivar,Talvik,Aivar Talvik
4915.0,217,3,1140.94,2,4,4,10,Regular Customers,Cross-sell kampaaniad,Kadri,Tamm,Kadri Tamm
4917.0,181,2,273.09,3,3,1,7,New Customers,"Onboarding, welcome-sari",Merle,Nurk,Merle Nurk
4918.0,21,4,1425.54,5,5,5,15,VIP Champions,"Early access, VIP sooduskoodid",Külli,Laas,Külli Laas
4919.0,467,2,288.27,1,3,1,5,At Risk,"Win-back kampaania, personaliseeritud e-mail",Nele,Kukk,Nele Kukk
4920.0,219,1,159.18,2,1,1,4,Lost,Viimane taasaktiveerimise pakkumine,Aili,Kangur,Aili Kangur
4923.0,51,2,1091.64,5,3,4,12,Loyal Customers,"Lojaalsusprogramm, preemiad",Eha,Puusepp,Eha Puusepp
4924.0,75,2,563.8000000000001,4,3,2,9,Regular Customers,Cross-sell kampaaniad,Liina,Veski,Liina Veski
4927.0,498,3,449.93,1,4,2,7,New Customers,"Onboarding, welcome-sari",Grete,Org,Grete Org
4928.0,68,4,1600.21,4,5,5,14,VIP Champions,"Early access, VIP sooduskoodid",Tõnu,Männik,Tõnu Männik
4929.0,5,5,1124.67,5,5,4,14,VIP Champions,"Early access, VIP sooduskoodid",Raivo,Kask,Raivo Kask
4930.0,520,2,178.75,1,3,1,5,At Risk,"Win-back kampaania, personaliseeritud e-mail",Raivo,Rebane,Raivo Rebane
4931.0,48,5,1188.26,5,5,4,14,VIP Champions,"Early access, VIP sooduskoodid",Marit,Kuusk,Marit Kuusk
4932.0,283,4,743.11,2,5,3,10,Regular Customers,Cross-sell kampaaniad,Triin,Mitt,Triin Mitt
4933.0,530,1,130.73,1,1,1,3,Lost,Viimane taasaktiveerimise pakkumine,Piret,Hurt,Piret Hurt
4934.0,6,6,1844.1,5,5,5,15,VIP Champions,"Early access, VIP sooduskoodid",Marika,Rebane,Marika Rebane
4935.0,57,3,505.89,5,4,2,11,Loyal Customers,"Lojaalsusprogramm, preemiad",Priit,Paas,Priit Paas
4936.0,21,3,518.44,5,4,2,11,Loyal Customers,"Lojaalsusprogramm, preemiad",Ants,Põld,Ants Põld
4937.0,535,3,581.88,1,4,2,7,New Customers,"Onboarding, welcome-sari",Heino,Tammik,Heino Tammik
4938.0,79,4,1063.1200000000001,4,5,4,13,VIP Champions,"Early access, VIP sooduskoodid",Enn,Liiv,Enn Liiv
4939.0,134,1,605.72,3,1,2,6,At Risk,"Win-back kampaania, personaliseeritud e-mail",Madis,Tammik,Madis Tammik
4940.0,390,3,556.6700000000001,1,4,2,7,New Customers,"Onboarding, welcome-sari",Liina,Liiv,Liina Liiv
4942.0,215,1,205.0,2,1,1,4,Lost,Viimane taasaktiveerimise pakkumine,Kati,Valk,Kati Valk
4943.0,293,1,152.85,2,1,1,4,Lost,Viimane taasaktiveerimise pakkumine,Arvo,Valk,Arvo Valk
4944.0,53,1,443.76,5,1,2,8,New Customers,"Onboarding, welcome-sari",Nele,Oja,Nele Oja
4947.0,256,3,1107.31,2,4,4,10,Regular Customers,Cross-sell kampaaniad,Anna,Nõmm,Anna Nõmm
4948.0,684,2,344.72,1,3,2,6,At Risk,"Win-back kampaania, personaliseeritud e-mail",Enn,Kull,Enn Kull
4949.0,3,63,18549.25,5,5,5,15,VIP Champions,"Early access, VIP sooduskoodid",Marika,Sepp,Marika Sepp
4950.0,25,4,552.89,5,5,2,12,Loyal Customers,"Lojaalsusprogramm, preemiad",Raivo,Kuusk,Raivo Kuusk
4951.0,15,5,1037.91,5,5,4,14,VIP Champions,"Early access, VIP sooduskoodid",Enn,Hurt,Enn Hurt
4952.0,166,5,1742.4,3,5,5,13,VIP Champions,"Early access, VIP sooduskoodid",Eha,Paas,Eha Paas
4953.0,95,3,862.86,4,4,3,11,Loyal Customers,"Lojaalsusprogramm, preemiad",Mihkel,Koppel,Mihkel Koppel
4954.0,350,1,63.95,1,1,1,3,Lost,Viimane taasaktiveerimise pakkumine,Sander,Saar,Sander Saar
4955.0,289,3,977.5699999999999,2,4,4,10,Regular Customers,Cross-sell kampaaniad,Kevin,Kivi,Kevin Kivi
4956.0,273,2,376.41,2,3,2,7,New Customers,"Onboarding, welcome-sari",Andres,Valk,Andres Valk
4957.0,151,1,48.58,3,1,1,5,At Risk,"Win-back kampaania, personaliseeritud e-mail",Kristjan,Valk,Kristjan Valk
4958.0,190,3,999.7099999999999,3,4,4,11,Loyal Customers,"Lojaalsusprogramm, preemiad",Marit,Sild,Marit Sild
4959.0,151,2,482.93,3,3,2,8,New Customers,"Onboarding, welcome-sari",Kaido,Aas,Kaido Aas
4960.0,381,2,976.54,1,3,4,8,New Customers,"Onboarding, welcome-sari",Arvo,Orav,Arvo Orav
4961.0,186,2,410.1,3,3,2,8,New Customers,"Onboarding, welcome-sari",Ago,Luik,Ago Luik
4962.0,116,4,981.24,4,5,4,13,VIP Champions,"Early access, VIP sooduskoodid",Piret,Luik,Piret Luik
4963.0,5,5,1365.1,5,5,4,14,VIP Champions,"Early access, VIP sooduskoodid",Anu,Kuusk,Anu Kuusk
4964.0,303,6,652.41,2,5,3,10,Regular Customers,Cross-sell kampaaniad,Külli,Talvik,Külli Talvik
4965.0,588,3,459.6,1,4,2,7,New Customers,"Onboarding, welcome-sari",Ants,Kask,Ants Kask
4966.0,17,4,748.6600000000001,5,5,3,13,VIP Champions,"Early access, VIP sooduskoodid",Nele,Kivi,Nele Kivi
4967.0,239,3,1095.17,2,4,4,10,Regular Customers,Cross-sell kampaaniad,Riina,Laas,Riina Laas
4968.0,103,2,380.61,4,3,2,9,Regular Customers,Cross-sell kampaaniad,Tõnu,Mitt,Tõnu Mitt
4969.0,275,3,681.97,2,4,3,9,Regular Customers,Cross-sell kampaaniad,Jaak,Kuusik,Jaak Kuusik
4970.0,25,3,896.1500000000001,5,4,3,12,Loyal Customers,"Lojaalsusprogramm, preemiad",Ene,Kõiv,Ene Kõiv
4971.0,223,2,898.3499999999999,2,3,3,8,New Customers,"Onboarding, welcome-sari",Ants,Nurk,Ants Nurk
4973.0,87,4,1253.86,4,5,4,13,VIP Champions,"Early access, VIP sooduskoodid",Andres,Nõmm,Andres Nõmm
4974.0,33,2,369.03000000000003,5,3,2,10,Regular Customers,Cross-sell kampaaniad,Mihkel,Toom,Mihkel Toom
4975.0,5,2,459.89,5,3,2,10,Regular Customers,Cross-sell kampaaniad,Tarmo,Puusepp,Tarmo Puusepp
4976.0,164,5,965.96,3,5,4,12,Loyal Customers,"Lojaalsusprogramm, preemiad",Anu,Järv,Anu Järv
4978.0,165,1,418.1,3,1,2,6,At Risk,"Win-back kampaania, personaliseeritud e-mail",Rasmus,Aas,Rasmus Aas
4980.0,89,1,585.22,4,1,2,7,New Customers,"Onboarding, welcome-sari",Margus,Mets,Margus Mets
4981.0,65,3,882.62,4,4,3,11,Loyal Customers,"Lojaalsusprogramm, preemiad",Toomas,Mitt,Toomas Mitt
4982.0,493,4,757.8399999999999,1,5,3,9,Regular Customers,Cross-sell kampaaniad,Nele,Lepp,Nele Lepp
4983.0,189,3,1082.65,3,4,4,11,Loyal Customers,"Lojaalsusprogramm, preemiad",Henri,Saar,Henri Saar
4984.0,207,4,876.75,3,5,3,11,Loyal Customers,"Lojaalsusprogramm, preemiad",Jaak,Rosin,Jaak Rosin
4985.0,624,3,496.2,1,4,2,7,New Customers,"Onboarding, welcome-sari",Anu,Kallas,Anu Kallas
4986.0,63,2,1350.01,4,3,4,11,Loyal Customers,"Lojaalsusprogramm, preemiad",Lea,Mets,Lea Mets
4987.0,616,2,757.19,1,3,3,7,New Customers,"Onboarding, welcome-sari",Merle,Must,Merle Must
4988.0,281,2,163.33999999999997,2,3,1,6,At Risk,"Win-back kampaania, personaliseeritud e-mail",Kristi,Talvik,Kristi Talvik
4989.0,297,2,561.77,2,3,2,7,New Customers,"Onboarding, welcome-sari",Rain,Kaalep,Rain Kaalep
4990.0,249,2,540.66,2,3,2,7,New Customers,"Onboarding, welcome-sari",Sigrid,Veski,Sigrid Veski
4991.0,83,2,311.3,4,3,1,8,New Customers,"Onboarding, welcome-sari",Külli,Raid,Külli Raid
4992.0,18,1,773.55,5,1,3,9,Regular Customers,Cross-sell kampaaniad,Priit,Org,Priit Org
4993.0,350,2,291.91,1,3,1,5,At Risk,"Win-back kampaania, personaliseeritud e-mail",Sandra,Liiv,Sandra Liiv
4995.0,3,4,1527.95,5,5,5,15,VIP Champions,"Early access, VIP sooduskoodid",Riina,Luik,Riina Luik
4996.0,129,1,693.4,3,1,3,7,New Customers,"Onboarding, welcome-sari",Tiit,Kaalep,Tiit Kaalep
4997.0,217,5,1579.5900000000001,2,5,5,12,Loyal Customers,"Lojaalsusprogramm, preemiad",Anu,Lõhmus,Anu Lõhmus
4998.0,9,2,464.01,5,3,2,10,Regular Customers,Cross-sell kampaaniad,Laura,Kull,Laura Kull
4999.0,525,1,160.91,1,1,1,3,Lost,Viimane taasaktiveerimise pakkumine,Sandra,Mägi,Sandra Mägi
5000.0,60,1,41.63,5,1,1,7,New Customers,"Onboarding, welcome-sari",Annika,Toom,Annika Toom
